Race_ID,Driver,Team,Circuit,Lap_Time(s),Position,Weather,Avg_Speed(km/h),Pit_Stops,Race_Time(min)
R1000,Driver_164,Team_12,Circuit_17,118.675,11,Rainy,180.64,0,146.51
R1001,Driver_29,Team_20,Circuit_20,69.476,5,Sunny,284.73,5,136.46
R1002,Driver_7,Team_1,Circuit_6,99.174,3,Cloudy,349.47,0,106.79
R1003,Driver_190,Team_46,Circuit_12,112.839,8,Rainy,344.21,4,134.93
R1004,Driver_71,Team_35,Circuit_12,88.542,12,Sunny,300.57,1,149.47
R1005,Driver_63,Team_9,Circuit_30,99.032,13,Cloudy,265.05,1,164.15
R1006,Driver_58,Team_18,Circuit_10,105.355,17,Windy,168.02,0,174.43
R1007,Driver_36,Team_3,Circuit_13,77.235,2,Sunny,236.39,3,114.11
R1008,Driver_189,Team_4,Circuit_14,77.125,10,Rainy,307.27,4,147.41
R1009,Driver_27,Team_36,Circuit_25,63.55,9,Windy,179.6,0,162.8
R1010,Driver_174,Team_19,Circuit_11,106.123,6,Rainy,217.23,0,166.75
R1011,Driver_190,Team_45,Circuit_22,99.138,1,Cloudy,245.17,1,171.62
R1012,Driver_140,Team_9,Circuit_20,73.933,13,Sunny,299.06,5,174.12
R1013,Driver_23,Team_41,Circuit_2,104.321,15,Windy,259.63,3,155.4
R1014,Driver_152,Team_49,Circuit_26,111.02,18,Windy,202.51,4,95.39
R1015,Driver_109,Team_32,Circuit_21,62.238,18,Windy,229.71,4,108.06
R1016,Driver_9,Team_7,Circuit_21,115.288,8,Cloudy,236.9,2,131.62
R1017,Driver_8,Team_1,Circuit_11,85.073,4,Sunny,289.57,3,111.63
R1018,Driver_24,Team_37,Circuit_3,110.256,15,Sunny,302.41,1,157.18
R1019,Driver_56,Team_19,Circuit_11,116.035,4,Cloudy,246.18,5,158.9
R1020,Driver_60,Team_31,Circuit_4,62.18,5,Rainy,189.62,5,165.97
R1021,Driver_130,Team_31,Circuit_18,110.172,4,Windy,229.06,2,126.92
R1022,Driver_155,Team_29,Circuit_22,107.278,1,Rainy,264.27,1,167.42
R1023,Driver_7,Team_22,Circuit_13,71.179,2,Cloudy,262.23,0,172.0
R1024,Driver_144,Team_12,Circuit_10,104.94,8,Rainy,349.42,2,147.05
R1025,Driver_51,Team_4,Circuit_9,112.337,5,Rainy,254.85,1,166.14
R1026,Driver_184,Team_17,Circuit_24,77.368,7,Cloudy,198.46,0,114.02
R1027,Driver_167,Team_31,Circuit_28,62.248,13,Windy,203.25,1,115.83
R1028,Driver_180,Team_8,Circuit_22,77.904,12,Rainy,236.01,5,104.45
R1029,Driver_140,Team_5,Circuit_30,96.167,3,Sunny,286.95,3,151.82
R1030,Driver_108,Team_26,Circuit_20,115.707,19,Rainy,265.2,1,111.25
R1031,Driver_57,Team_32,Circuit_28,80.103,19,Rainy,172.51,3,111.46
R1032,Driver_115,Team_5,Circuit_5,87.261,9,Sunny,232.72,1,103.5
R1033,Driver_151,Team_37,Circuit_11,98.479,3,Windy,223.05,0,92.49
R1034,Driver_72,Team_41,Circuit_3,91.459,1,Sunny,188.1,3,161.73
R1035,Driver_2,Team_44,Circuit_19,113.356,3,Windy,218.9,4,117.95
R1036,Driver_195,Team_4,Circuit_22,68.052,7,Cloudy,281.08,3,133.68
R1037,Driver_41,Team_10,Circuit_5,90.253,15,Cloudy,303.94,0,179.22
R1038,Driver_179,Team_10,Circuit_30,76.37,5,Rainy,183.85,3,127.98
R1039,Driver_109,Team_37,Circuit_12,108.529,3,Rainy,219.94,1,171.51
R1040,Driver_88,Team_20,Circuit_10,79.841,11,Cloudy,314.32,1,108.18
R1041,Driver_72,Team_6,Circuit_21,103.867,4,Sunny,310.56,4,114.54
R1042,Driver_40,Team_16,Circuit_23,98.897,2,Cloudy,274.64,3,92.62
R1043,Driver_56,Team_8,Circuit_22,103.116,15,Windy,238.09,1,161.07
R1044,Driver_196,Team_36,Circuit_13,60.845,2,Rainy,334.84,3,115.0
R1045,Driver_87,Team_49,Circuit_5,80.227,6,Sunny,196.7,2,139.56
R1046,Driver_27,Team_27,Circuit_20,77.701,19,Rainy,287.07,1,147.99
R1047,Driver_24,Team_39,Circuit_23,100.464,14,Cloudy,181.2,3,93.8
R1048,Driver_98,Team_39,Circuit_3,71.59,13,Sunny,295.7,5,155.02
R1049,Driver_25,Team_40,Circuit_10,96.657,16,Cloudy,167.16,1,160.4
R1050,Driver_92,Team_15,Circuit_18,98.324,1,Windy,297.92,5,94.98
R1051,Driver_89,Team_50,Circuit_13,84.329,13,Cloudy,198.61,2,170.69
R1052,Driver_155,Team_34,Circuit_21,85.662,14,Sunny,274.2,2,118.25
R1053,Driver_68,Team_25,Circuit_26,79.676,6,Cloudy,179.54,1,116.82
R1054,Driver_12,Team_29,Circuit_11,84.05,12,Rainy,316.49,2,95.72
R1055,Driver_187,Team_29,Circuit_27,65.723,7,Rainy,207.54,1,175.96
R1056,Driver_118,Team_20,Circuit_5,118.901,6,Sunny,218.65,0,170.71
R1057,Driver_138,Team_38,Circuit_22,88.647,9,Rainy,310.86,5,150.45
R1058,Driver_32,Team_28,Circuit_23,116.15,9,Windy,211.02,4,169.71
R1059,Driver_97,Team_20,Circuit_27,60.41,15,Windy,244.24,0,125.72
R1060,Driver_21,Team_37,Circuit_24,83.014,5,Sunny,216.38,2,165.58
R1061,Driver_142,Team_40,Circuit_22,86.804,2,Cloudy,298.0,1,165.85
R1062,Driver_76,Team_4,Circuit_30,76.02,20,Rainy,192.38,0,111.24
R1063,Driver_161,Team_40,Circuit_17,79.778,20,Rainy,259.28,3,141.39
R1064,Driver_159,Team_48,Circuit_3,94.948,20,Cloudy,300.07,3,135.02
R1065,Driver_93,Team_7,Circuit_21,94.373,8,Cloudy,259.76,3,100.86
R1066,Driver_148,Team_49,Circuit_22,75.693,10,Cloudy,274.61,1,149.78
R1067,Driver_50,Team_14,Circuit_14,81.573,16,Cloudy,348.46,2,142.24
R1068,Driver_181,Team_41,Circuit_17,74.178,14,Rainy,289.01,1,159.76
R1069,Driver_18,Team_14,Circuit_12,100.067,18,Windy,283.65,2,137.27
R1070,Driver_12,Team_17,Circuit_1,87.924,16,Sunny,225.32,4,134.68
R1071,Driver_170,Team_43,Circuit_12,69.583,2,Sunny,331.21,1,98.12
R1072,Driver_59,Team_6,Circuit_10,101.164,3,Cloudy,255.36,5,143.98
R1073,Driver_198,Team_11,Circuit_6,115.386,9,Windy,201.09,4,159.59
R1074,Driver_75,Team_16,Circuit_7,113.268,13,Rainy,162.02,1,118.21
R1075,Driver_21,Team_12,Circuit_11,106.19,5,Rainy,190.14,4,164.91
R1076,Driver_60,Team_36,Circuit_25,101.417,14,Sunny,289.31,4,156.35
R1077,Driver_26,Team_5,Circuit_16,98.323,7,Cloudy,204.26,1,162.53
R1078,Driver_98,Team_11,Circuit_7,116.438,17,Windy,242.99,0,156.96
R1079,Driver_72,Team_1,Circuit_8,82.053,8,Sunny,339.04,3,174.2
R1080,Driver_117,Team_27,Circuit_5,73.251,18,Windy,163.32,4,109.62
R1081,Driver_163,Team_29,Circuit_5,117.442,1,Cloudy,282.07,3,99.61
R1082,Driver_94,Team_45,Circuit_3,88.691,13,Cloudy,282.6,1,109.27
R1083,Driver_42,Team_39,Circuit_10,87.299,12,Sunny,332.57,4,114.71
R1084,Driver_95,Team_31,Circuit_28,119.33,16,Cloudy,222.04,3,126.75
R1085,Driver_91,Team_19,Circuit_26,82.417,18,Windy,171.58,3,167.66
R1086,Driver_54,Team_3,Circuit_4,102.116,16,Windy,208.5,2,95.03
R1087,Driver_172,Team_15,Circuit_17,114.768,12,Sunny,326.68,0,138.01
R1088,Driver_69,Team_19,Circuit_25,105.441,19,Cloudy,227.3,5,152.97
R1089,Driver_180,Team_46,Circuit_18,108.12,17,Rainy,345.96,3,100.17
R1090,Driver_175,Team_19,Circuit_27,109.536,11,Cloudy,251.71,5,139.12
R1091,Driver_166,Team_45,Circuit_24,105.712,13,Sunny,291.94,1,132.74
R1092,Driver_19,Team_30,Circuit_29,100.821,9,Sunny,330.77,1,112.17
R1093,Driver_156,Team_5,Circuit_17,95.749,6,Rainy,246.93,2,115.0
R1094,Driver_163,Team_44,Circuit_2,107.242,1,Sunny,269.42,3,160.58
R1095,Driver_44,Team_15,Circuit_22,91.53,11,Sunny,167.6,4,103.04
R1096,Driver_137,Team_17,Circuit_11,91.69,20,Rainy,189.78,1,132.77
R1097,Driver_187,Team_41,Circuit_29,81.707,8,Rainy,343.36,4,123.1
R1098,Driver_63,Team_38,Circuit_25,115.035,1,Windy,262.14,1,117.74
R1099,Driver_42,Team_43,Circuit_20,66.733,9,Sunny,292.49,4,148.09
R1100,Driver_119,Team_13,Circuit_5,109.726,2,Rainy,157.95,0,171.47
R1101,Driver_98,Team_28,Circuit_20,114.173,16,Windy,334.45,3,93.13
R1102,Driver_70,Team_8,Circuit_13,72.129,17,Sunny,210.99,0,156.55
R1103,Driver_164,Team_35,Circuit_5,92.2,12,Rainy,247.99,0,161.9
R1104,Driver_177,Team_15,Circuit_6,69.872,19,Sunny,298.88,3,94.92
R1105,Driver_143,Team_42,Circuit_6,111.269,8,Windy,153.67,5,172.57
R1106,Driver_57,Team_10,Circuit_27,86.51,6,Cloudy,286.86,4,150.44
R1107,Driver_176,Team_18,Circuit_23,100.818,4,Sunny,221.08,0,112.77
R1108,Driver_84,Team_10,Circuit_25,103.015,8,Sunny,210.47,3,124.62
R1109,Driver_197,Team_5,Circuit_20,89.33,8,Sunny,349.2,4,147.51
R1110,Driver_199,Team_4,Circuit_26,113.933,9,Sunny,345.72,3,153.06
R1111,Driver_15,Team_11,Circuit_29,86.729,18,Rainy,205.18,3,171.28
R1112,Driver_59,Team_20,Circuit_6,63.338,2,Cloudy,162.4,5,151.67
R1113,Driver_9,Team_39,Circuit_24,67.917,8,Sunny,201.54,0,138.14
R1114,Driver_81,Team_48,Circuit_15,84.925,19,Rainy,227.43,3,111.27
R1115,Driver_103,Team_37,Circuit_2,93.835,13,Cloudy,349.99,3,129.82
R1116,Driver_69,Team_19,Circuit_14,93.528,12,Windy,348.07,1,90.71
R1117,Driver_17,Team_29,Circuit_12,100.366,6,Windy,338.83,0,176.47
R1118,Driver_55,Team_8,Circuit_22,78.49,6,Windy,339.82,4,173.48
R1119,Driver_146,Team_30,Circuit_24,61.306,8,Windy,195.12,0,172.61
R1120,Driver_184,Team_45,Circuit_8,75.267,19,Windy,218.36,5,117.08
R1121,Driver_81,Team_20,Circuit_15,60.181,11,Cloudy,228.57,5,174.27
R1122,Driver_55,Team_45,Circuit_20,73.074,12,Sunny,177.45,3,158.1
R1123,Driver_168,Team_26,Circuit_10,64.382,19,Windy,295.98,1,116.77
R1124,Driver_128,Team_18,Circuit_25,85.422,1,Sunny,254.14,1,167.35
R1125,Driver_102,Team_33,Circuit_24,102.023,12,Sunny,285.6,2,104.42
R1126,Driver_165,Team_35,Circuit_26,92.47,19,Sunny,324.54,2,129.5
R1127,Driver_118,Team_32,Circuit_15,63.615,19,Sunny,287.3,1,118.55
R1128,Driver_37,Team_29,Circuit_8,113.653,5,Sunny,233.47,5,163.1
R1129,Driver_68,Team_6,Circuit_18,119.168,19,Cloudy,264.58,0,148.0
R1130,Driver_36,Team_39,Circuit_8,88.324,7,Sunny,235.29,0,161.04
R1131,Driver_64,Team_3,Circuit_10,77.225,16,Cloudy,212.48,3,114.66
R1132,Driver_191,Team_28,Circuit_26,70.799,18,Cloudy,271.07,5,97.21
R1133,Driver_144,Team_48,Circuit_26,68.126,10,Sunny,239.83,2,160.15
R1134,Driver_138,Team_21,Circuit_16,98.492,6,Cloudy,176.35,1,134.25
R1135,Driver_68,Team_39,Circuit_29,103.757,16,Windy,280.49,5,156.32
R1136,Driver_192,Team_17,Circuit_27,117.827,2,Windy,266.21,3,173.38
R1137,Driver_150,Team_2,Circuit_7,82.468,3,Windy,286.81,4,119.94
R1138,Driver_110,Team_6,Circuit_12,113.48,2,Sunny,190.46,5,128.01
R1139,Driver_150,Team_15,Circuit_22,86.912,8,Windy,177.62,4,172.67
R1140,Driver_103,Team_44,Circuit_19,115.027,20,Rainy,287.71,0,99.04
R1141,Driver_93,Team_37,Circuit_15,82.65,8,Rainy,329.73,3,104.43
R1142,Driver_57,Team_38,Circuit_15,64.815,1,Rainy,331.91,3,113.49
R1143,Driver_36,Team_2,Circuit_25,117.849,17,Windy,236.01,1,95.97
R1144,Driver_131,Team_49,Circuit_10,112.473,16,Cloudy,331.8,5,127.88
R1145,Driver_127,Team_44,Circuit_25,67.979,1,Rainy,304.01,3,155.63
R1146,Driver_24,Team_18,Circuit_13,111.617,11,Cloudy,281.25,1,139.3
R1147,Driver_194,Team_37,Circuit_17,67.118,20,Cloudy,262.97,2,119.41
R1148,Driver_13,Team_3,Circuit_17,119.571,7,Sunny,181.61,5,152.57
R1149,Driver_29,Team_49,Circuit_14,83.584,5,Rainy,163.56,3,158.58
R1150,Driver_40,Team_49,Circuit_6,67.641,11,Sunny,256.59,5,147.72
R1151,Driver_161,Team_12,Circuit_27,118.723,6,Sunny,293.89,5,106.54
R1152,Driver_41,Team_31,Circuit_7,110.089,11,Sunny,186.83,0,129.91
R1153,Driver_175,Team_34,Circuit_26,105.371,2,Windy,317.9,5,147.7
R1154,Driver_109,Team_42,Circuit_20,118.709,1,Sunny,179.1,0,90.28
R1155,Driver_153,Team_29,Circuit_5,87.78,5,Cloudy,155.9,3,108.01
R1156,Driver_17,Team_18,Circuit_28,103.146,19,Rainy,213.74,5,117.5
R1157,Driver_99,Team_12,Circuit_9,85.448,5,Cloudy,344.58,2,141.82
R1158,Driver_98,Team_38,Circuit_2,82.757,4,Rainy,342.24,4,99.97
R1159,Driver_153,Team_28,Circuit_21,73.78,17,Windy,210.67,0,112.46
R1160,Driver_120,Team_41,Circuit_16,87.638,12,Rainy,299.12,2,154.22
R1161,Driver_136,Team_32,Circuit_28,69.307,3,Rainy,314.34,3,159.08
R1162,Driver_65,Team_6,Circuit_12,71.309,12,Rainy,277.37,2,148.43
R1163,Driver_142,Team_31,Circuit_18,112.512,13,Rainy,297.67,5,101.71
R1164,Driver_3,Team_23,Circuit_30,105.929,19,Cloudy,180.39,4,143.46
R1165,Driver_175,Team_27,Circuit_4,61.933,4,Rainy,187.59,4,126.93
R1166,Driver_185,Team_22,Circuit_23,99.612,11,Sunny,176.31,4,174.55
R1167,Driver_30,Team_21,Circuit_28,96.895,10,Rainy,155.24,1,130.63
R1168,Driver_175,Team_43,Circuit_17,116.174,11,Sunny,347.19,5,168.62
R1169,Driver_138,Team_7,Circuit_28,113.342,5,Windy,273.39,0,102.02
R1170,Driver_193,Team_11,Circuit_4,74.44,6,Sunny,271.12,4,105.61
R1171,Driver_69,Team_22,Circuit_10,64.037,14,Cloudy,272.47,2,143.37
R1172,Driver_197,Team_27,Circuit_3,95.637,16,Sunny,269.27,5,119.48
R1173,Driver_165,Team_45,Circuit_25,86.786,11,Cloudy,196.18,0,115.36
R1174,Driver_88,Team_32,Circuit_6,100.321,6,Sunny,155.22,4,97.6
R1175,Driver_29,Team_19,Circuit_9,112.333,18,Rainy,165.9,5,123.08
R1176,Driver_76,Team_43,Circuit_15,74.684,20,Windy,305.97,2,125.41
R1177,Driver_112,Team_26,Circuit_29,62.654,12,Cloudy,176.82,0,123.96
R1178,Driver_41,Team_49,Circuit_17,86.338,8,Cloudy,319.23,0,165.12
R1179,Driver_117,Team_36,Circuit_5,92.386,19,Rainy,243.75,3,141.34
R1180,Driver_1,Team_3,Circuit_27,105.263,6,Rainy,279.91,2,91.87
R1181,Driver_185,Team_30,Circuit_14,106.564,13,Sunny,186.8,3,92.07
R1182,Driver_185,Team_6,Circuit_3,68.408,10,Cloudy,227.49,4,140.27
R1183,Driver_68,Team_21,Circuit_30,119.609,10,Sunny,244.77,0,145.08
R1184,Driver_129,Team_17,Circuit_8,74.05,5,Rainy,182.76,2,110.58
R1185,Driver_196,Team_21,Circuit_27,114.984,6,Cloudy,195.25,2,98.01
R1186,Driver_46,Team_8,Circuit_15,94.567,1,Windy,231.72,1,131.62
R1187,Driver_130,Team_50,Circuit_29,94.648,19,Windy,343.76,5,113.56
R1188,Driver_28,Team_26,Circuit_12,106.352,13,Cloudy,335.09,4,166.66
R1189,Driver_161,Team_33,Circuit_30,109.103,19,Cloudy,340.04,5,94.48
R1190,Driver_77,Team_1,Circuit_1,74.214,2,Rainy,194.51,0,145.62
R1191,Driver_164,Team_43,Circuit_14,112.575,6,Cloudy,284.27,4,144.04
R1192,Driver_130,Team_35,Circuit_2,119.142,20,Cloudy,190.57,5,103.43
R1193,Driver_156,Team_30,Circuit_13,91.275,11,Windy,190.91,1,176.22
R1194,Driver_51,Team_27,Circuit_17,84.814,20,Rainy,185.42,1,105.31
R1195,Driver_40,Team_4,Circuit_12,76.509,8,Sunny,340.94,2,141.05
R1196,Driver_96,Team_13,Circuit_8,93.403,19,Cloudy,237.86,1,91.27
R1197,Driver_196,Team_34,Circuit_13,95.5,4,Rainy,273.41,4,137.33
R1198,Driver_42,Team_24,Circuit_3,104.113,16,Rainy,287.57,0,159.6
R1199,Driver_139,Team_40,Circuit_12,70.508,5,Windy,323.35,5,173.55
R1200,Driver_200,Team_49,Circuit_8,100.725,11,Cloudy,327.52,3,164.45
R1201,Driver_136,Team_32,Circuit_1,93.351,3,Cloudy,235.51,5,134.47
R1202,Driver_1,Team_41,Circuit_11,62.813,8,Rainy,305.24,4,110.2
R1203,Driver_154,Team_29,Circuit_30,80.665,12,Cloudy,271.59,5,108.28
R1204,Driver_83,Team_49,Circuit_4,98.599,11,Windy,314.87,1,175.14
R1205,Driver_126,Team_4,Circuit_27,82.869,6,Windy,294.04,5,163.21
R1206,Driver_5,Team_14,Circuit_23,91.468,3,Windy,228.83,1,113.96
R1207,Driver_29,Team_18,Circuit_21,101.779,11,Cloudy,337.83,2,157.18
R1208,Driver_93,Team_36,Circuit_11,84.496,15,Cloudy,264.39,2,124.39
R1209,Driver_79,Team_9,Circuit_26,77.993,1,Windy,257.23,2,128.82
R1210,Driver_62,Team_19,Circuit_5,71.033,9,Sunny,278.28,4,108.59
R1211,Driver_15,Team_29,Circuit_5,92.276,7,Rainy,290.82,5,109.4
R1212,Driver_62,Team_45,Circuit_2,74.458,8,Sunny,157.7,3,164.17
R1213,Driver_146,Team_32,Circuit_10,73.521,3,Cloudy,171.86,2,155.4
R1214,Driver_21,Team_8,Circuit_30,111.452,12,Rainy,241.38,0,107.04
R1215,Driver_22,Team_2,Circuit_27,68.661,9,Rainy,325.55,0,106.23
R1216,Driver_188,Team_41,Circuit_16,87.782,4,Cloudy,325.56,2,161.32
R1217,Driver_125,Team_39,Circuit_23,63.457,1,Sunny,199.14,2,92.59
R1218,Driver_18,Team_16,Circuit_27,84.761,2,Sunny,257.57,3,177.85
R1219,Driver_195,Team_46,Circuit_5,84.99,13,Sunny,346.77,3,111.19
R1220,Driver_137,Team_11,Circuit_25,91.8,15,Sunny,157.85,4,130.59
R1221,Driver_197,Team_20,Circuit_23,83.305,14,Windy,227.48,4,112.35
R1222,Driver_33,Team_36,Circuit_16,75.3,6,Rainy,303.03,0,142.46
R1223,Driver_33,Team_1,Circuit_15,79.816,14,Sunny,342.52,3,148.25
R1224,Driver_169,Team_36,Circuit_20,64.744,16,Cloudy,187.97,5,97.72
R1225,Driver_122,Team_27,Circuit_1,86.987,13,Windy,237.91,4,132.2
R1226,Driver_141,Team_6,Circuit_29,82.265,12,Rainy,326.88,5,168.43
R1227,Driver_43,Team_15,Circuit_3,92.138,18,Cloudy,304.74,4,177.7
R1228,Driver_68,Team_8,Circuit_1,109.764,13,Windy,207.18,2,125.78
R1229,Driver_136,Team_30,Circuit_9,63.092,4,Rainy,183.3,3,109.1
R1230,Driver_156,Team_8,Circuit_7,82.63,16,Cloudy,208.88,4,124.51
R1231,Driver_109,Team_42,Circuit_27,96.298,19,Rainy,333.81,2,128.1
R1232,Driver_55,Team_10,Circuit_5,62.373,8,Windy,287.99,5,143.75
R1233,Driver_139,Team_32,Circuit_18,64.367,6,Sunny,330.74,5,96.58
R1234,Driver_194,Team_46,Circuit_24,108.279,15,Windy,242.72,0,140.13
R1235,Driver_187,Team_19,Circuit_20,95.255,3,Cloudy,279.22,1,94.69
R1236,Driver_177,Team_33,Circuit_17,100.287,2,Sunny,168.09,3,173.8
R1237,Driver_52,Team_46,Circuit_14,73.021,10,Rainy,250.13,0,132.38
R1238,Driver_183,Team_18,Circuit_4,72.533,1,Rainy,185.95,0,121.89
R1239,Driver_80,Team_27,Circuit_25,114.422,11,Rainy,267.09,3,144.57
R1240,Driver_103,Team_31,Circuit_10,78.191,9,Windy,328.87,1,150.37
R1241,Driver_172,Team_31,Circuit_8,114.54,4,Rainy,259.28,2,162.2
R1242,Driver_167,Team_16,Circuit_10,72.708,3,Rainy,228.61,0,153.86
R1243,Driver_96,Team_30,Circuit_4,71.401,11,Rainy,214.69,0,162.89
R1244,Driver_113,Team_36,Circuit_2,104.489,6,Windy,154.98,1,90.48
R1245,Driver_133,Team_10,Circuit_8,104.813,13,Cloudy,240.74,2,135.41
R1246,Driver_116,Team_25,Circuit_14,105.26,6,Sunny,329.32,0,124.28
R1247,Driver_31,Team_13,Circuit_21,114.866,3,Rainy,329.16,5,177.98
R1248,Driver_64,Team_39,Circuit_26,101.738,18,Windy,326.51,1,150.41
R1249,Driver_58,Team_33,Circuit_20,102.226,3,Rainy,168.04,3,101.9
R1250,Driver_17,Team_48,Circuit_15,83.798,11,Sunny,214.81,1,170.3
R1251,Driver_87,Team_9,Circuit_3,74.36,20,Cloudy,279.72,1,93.7
R1252,Driver_6,Team_5,Circuit_4,79.297,20,Cloudy,292.29,4,106.14
R1253,Driver_151,Team_18,Circuit_27,76.984,16,Rainy,182.8,5,105.29
R1254,Driver_142,Team_50,Circuit_29,87.975,1,Sunny,296.65,0,134.36
R1255,Driver_59,Team_27,Circuit_16,98.923,14,Rainy,168.24,2,120.53
R1256,Driver_151,Team_22,Circuit_20,78.505,6,Cloudy,291.25,3,132.13
R1257,Driver_57,Team_33,Circuit_18,81.579,20,Windy,276.81,5,98.07
R1258,Driver_2,Team_18,Circuit_1,112.969,14,Windy,167.06,4,153.92
R1259,Driver_19,Team_1,Circuit_21,87.96,6,Windy,291.46,1,128.96
R1260,Driver_182,Team_19,Circuit_17,108.169,2,Sunny,295.37,3,113.44
R1261,Driver_162,Team_47,Circuit_19,103.345,4,Sunny,345.04,2,118.19
R1262,Driver_16,Team_20,Circuit_8,105.698,11,Cloudy,272.41,3,178.07
R1263,Driver_59,Team_38,Circuit_23,79.214,7,Sunny,181.98,3,134.93
R1264,Driver_18,Team_38,Circuit_5,72.188,7,Cloudy,260.07,5,177.6
R1265,Driver_9,Team_43,Circuit_10,78.775,14,Cloudy,158.78,5,115.29
R1266,Driver_85,Team_32,Circuit_14,62.743,18,Rainy,184.18,0,122.45
R1267,Driver_19,Team_10,Circuit_1,111.845,18,Windy,217.04,2,128.71
R1268,Driver_132,Team_29,Circuit_20,104.475,9,Windy,324.26,1,171.25
R1269,Driver_61,Team_35,Circuit_12,60.973,10,Cloudy,322.53,0,113.69
R1270,Driver_72,Team_31,Circuit_8,93.199,10,Sunny,182.42,0,164.66
R1271,Driver_172,Team_23,Circuit_19,95.042,8,Cloudy,178.92,1,173.4
R1272,Driver_125,Team_22,Circuit_14,103.201,4,Windy,303.83,4,136.53
R1273,Driver_55,Team_36,Circuit_6,77.712,2,Rainy,160.26,5,129.22
R1274,Driver_139,Team_49,Circuit_22,71.772,13,Windy,211.61,2,104.85
R1275,Driver_34,Team_35,Circuit_22,73.801,19,Cloudy,296.03,3,156.32
R1276,Driver_186,Team_25,Circuit_3,94.187,18,Cloudy,342.19,4,134.21
R1277,Driver_147,Team_30,Circuit_17,74.744,16,Windy,207.76,2,175.5
R1278,Driver_148,Team_21,Circuit_12,93.039,5,Windy,186.14,5,140.01
R1279,Driver_122,Team_13,Circuit_3,116.608,2,Sunny,329.71,5,173.06
R1280,Driver_63,Team_45,Circuit_17,80.254,12,Rainy,342.09,2,147.3
R1281,Driver_122,Team_16,Circuit_18,105.802,1,Windy,150.71,3,129.6
R1282,Driver_105,Team_37,Circuit_17,89.317,14,Rainy,303.08,4,107.0
R1283,Driver_49,Team_25,Circuit_26,103.413,3,Rainy,152.44,5,94.91
R1284,Driver_25,Team_15,Circuit_17,104.376,10,Sunny,249.53,5,106.48
R1285,Driver_25,Team_50,Circuit_18,87.65,20,Cloudy,249.73,4,132.32
R1286,Driver_169,Team_27,Circuit_1,103.966,16,Rainy,311.49,4,104.72
R1287,Driver_111,Team_3,Circuit_13,81.131,7,Rainy,271.6,3,132.04
R1288,Driver_91,Team_21,Circuit_28,68.398,4,Rainy,248.69,3,100.44
R1289,Driver_109,Team_48,Circuit_16,92.793,1,Rainy,193.37,2,170.57
R1290,Driver_106,Team_31,Circuit_2,71.043,7,Cloudy,281.89,4,134.54
R1291,Driver_120,Team_46,Circuit_21,113.362,6,Sunny,240.75,1,129.74
R1292,Driver_187,Team_25,Circuit_13,119.419,10,Rainy,238.38,2,178.99
R1293,Driver_14,Team_25,Circuit_12,117.434,3,Windy,270.24,1,140.48
R1294,Driver_173,Team_43,Circuit_9,91.437,16,Cloudy,151.31,2,131.2
R1295,Driver_168,Team_42,Circuit_24,110.344,4,Sunny,326.43,1,100.12
R1296,Driver_166,Team_10,Circuit_1,64.46,10,Windy,205.62,3,154.78
R1297,Driver_26,Team_32,Circuit_12,109.08,13,Windy,275.73,2,103.32
R1298,Driver_16,Team_3,Circuit_26,62.911,16,Windy,314.02,2,121.46
R1299,Driver_104,Team_9,Circuit_3,60.383,16,Rainy,191.53,0,108.34
R1300,Driver_187,Team_33,Circuit_12,68.249,9,Rainy,186.97,1,115.57
R1301,Driver_87,Team_38,Circuit_8,97.842,3,Windy,161.01,2,165.15
R1302,Driver_28,Team_22,Circuit_24,64.078,18,Sunny,219.8,2,157.49
R1303,Driver_64,Team_7,Circuit_22,69.062,13,Rainy,179.07,3,164.03
R1304,Driver_50,Team_29,Circuit_21,73.123,6,Sunny,156.49,1,140.69
R1305,Driver_49,Team_7,Circuit_4,87.361,12,Rainy,265.62,4,149.68
R1306,Driver_138,Team_34,Circuit_25,63.627,13,Rainy,270.66,1,109.12
R1307,Driver_115,Team_30,Circuit_19,98.264,12,Rainy,216.22,5,179.82
R1308,Driver_36,Team_1,Circuit_24,116.034,6,Sunny,167.54,4,90.37
R1309,Driver_109,Team_47,Circuit_25,114.765,15,Rainy,171.78,2,159.02
R1310,Driver_47,Team_10,Circuit_11,99.557,2,Sunny,348.75,1,106.25
R1311,Driver_72,Team_27,Circuit_5,60.944,9,Rainy,182.27,1,172.84
R1312,Driver_119,Team_42,Circuit_2,91.933,15,Cloudy,206.88,5,112.15
R1313,Driver_64,Team_10,Circuit_12,84.68,15,Rainy,282.18,5,134.83
R1314,Driver_20,Team_5,Circuit_18,61.004,9,Windy,289.97,5,98.49
R1315,Driver_114,Team_31,Circuit_11,103.332,8,Sunny,264.46,1,119.58
R1316,Driver_141,Team_17,Circuit_27,92.144,9,Cloudy,262.44,1,115.59
R1317,Driver_26,Team_22,Circuit_21,77.201,19,Sunny,343.26,1,178.32
R1318,Driver_13,Team_40,Circuit_6,90.133,2,Rainy,299.87,0,100.98
R1319,Driver_167,Team_45,Circuit_27,101.872,5,Windy,222.04,0,123.62
R1320,Driver_139,Team_26,Circuit_25,85.834,4,Windy,157.17,2,173.62
R1321,Driver_4,Team_42,Circuit_22,116.383,3,Windy,303.7,4,99.55
R1322,Driver_24,Team_6,Circuit_15,70.756,12,Rainy,214.56,1,119.12
R1323,Driver_193,Team_22,Circuit_23,115.083,18,Rainy,329.51,3,92.6
R1324,Driver_61,Team_44,Circuit_16,91.463,14,Windy,314.05,2,131.42
R1325,Driver_43,Team_35,Circuit_21,74.458,19,Rainy,301.69,2,153.69
R1326,Driver_105,Team_25,Circuit_6,97.187,8,Rainy,318.66,1,133.19
R1327,Driver_125,Team_21,Circuit_26,75.145,18,Cloudy,162.99,1,146.55
R1328,Driver_124,Team_41,Circuit_5,81.266,2,Rainy,244.16,4,114.24
R1329,Driver_55,Team_46,Circuit_3,107.696,13,Cloudy,174.4,5,149.22
R1330,Driver_103,Team_49,Circuit_23,64.741,17,Windy,321.88,0,119.65
R1331,Driver_16,Team_32,Circuit_25,117.558,14,Sunny,215.84,5,93.95
R1332,Driver_43,Team_35,Circuit_15,87.54,18,Rainy,232.75,2,146.01
R1333,Driver_98,Team_3,Circuit_2,74.592,16,Windy,191.97,2,130.78
R1334,Driver_1,Team_40,Circuit_10,101.834,19,Windy,191.81,1,175.27
R1335,Driver_100,Team_5,Circuit_7,77.998,8,Rainy,161.64,2,179.98
R1336,Driver_68,Team_16,Circuit_2,109.684,16,Sunny,264.27,3,171.62
R1337,Driver_117,Team_41,Circuit_26,64.837,10,Sunny,345.87,4,161.73
R1338,Driver_74,Team_44,Circuit_7,119.5,3,Rainy,255.79,1,101.64
R1339,Driver_109,Team_19,Circuit_29,98.994,13,Windy,167.53,4,167.7
R1340,Driver_179,Team_15,Circuit_2,61.901,2,Rainy,294.81,2,162.14
R1341,Driver_188,Team_48,Circuit_11,84.317,17,Sunny,270.96,0,115.47
R1342,Driver_143,Team_6,Circuit_30,82.63,19,Rainy,307.64,0,161.83
R1343,Driver_170,Team_28,Circuit_10,88.56,17,Windy,291.36,3,156.94
R1344,Driver_184,Team_7,Circuit_17,98.205,19,Sunny,235.41,3,139.24
R1345,Driver_125,Team_49,Circuit_13,102.171,20,Sunny,319.56,1,144.21
R1346,Driver_40,Team_41,Circuit_27,64.961,5,Sunny,201.93,3,98.33
R1347,Driver_49,Team_46,Circuit_18,110.72,4,Windy,265.03,2,112.96
R1348,Driver_76,Team_7,Circuit_16,98.694,15,Rainy,274.65,1,111.61
R1349,Driver_56,Team_29,Circuit_9,79.876,6,Sunny,335.42,0,159.38
R1350,Driver_15,Team_11,Circuit_2,118.64,6,Windy,272.86,5,125.9
R1351,Driver_149,Team_45,Circuit_25,118.43,7,Windy,249.28,4,91.85
R1352,Driver_189,Team_20,Circuit_21,113.687,7,Cloudy,295.84,4,108.74
R1353,Driver_139,Team_2,Circuit_7,115.149,5,Sunny,249.55,2,124.97
R1354,Driver_16,Team_3,Circuit_10,73.786,2,Windy,311.6,5,126.22
R1355,Driver_192,Team_21,Circuit_12,114.076,14,Rainy,326.73,5,148.25
R1356,Driver_81,Team_4,Circuit_28,101.537,3,Windy,196.54,2,175.9
R1357,Driver_15,Team_19,Circuit_25,94.007,14,Windy,208.1,3,103.87
R1358,Driver_13,Team_23,Circuit_2,76.266,7,Cloudy,188.71,2,116.87
R1359,Driver_150,Team_24,Circuit_28,115.45,5,Sunny,173.64,4,162.1
R1360,Driver_123,Team_28,Circuit_21,101.066,20,Windy,242.98,5,156.23
R1361,Driver_129,Team_10,Circuit_11,76.822,9,Rainy,309.35,1,172.95
R1362,Driver_136,Team_16,Circuit_9,92.582,11,Cloudy,297.49,4,171.34
R1363,Driver_41,Team_34,Circuit_4,99.487,3,Windy,191.47,5,144.32
R1364,Driver_15,Team_27,Circuit_26,70.761,3,Rainy,273.06,3,122.31
R1365,Driver_131,Team_37,Circuit_12,111.026,13,Sunny,232.93,2,98.65
R1366,Driver_21,Team_44,Circuit_14,60.939,18,Cloudy,159.1,5,123.07
R1367,Driver_48,Team_12,Circuit_29,72.429,13,Windy,219.93,0,107.99
R1368,Driver_18,Team_11,Circuit_13,68.651,18,Cloudy,311.21,5,130.09
R1369,Driver_153,Team_12,Circuit_24,109.241,11,Rainy,192.47,3,124.93
R1370,Driver_18,Team_6,Circuit_15,109.254,9,Sunny,278.12,0,114.16
R1371,Driver_173,Team_40,Circuit_29,115.732,17,Sunny,288.0,1,144.03
R1372,Driver_61,Team_25,Circuit_13,77.957,15,Sunny,200.88,5,98.12
R1373,Driver_104,Team_40,Circuit_11,93.837,1,Sunny,163.57,4,128.03
R1374,Driver_31,Team_44,Circuit_6,94.002,20,Windy,210.06,0,123.14
R1375,Driver_146,Team_16,Circuit_16,110.967,19,Rainy,260.0,2,106.77
R1376,Driver_64,Team_32,Circuit_23,100.622,17,Cloudy,303.41,0,146.76
R1377,Driver_149,Team_38,Circuit_16,92.434,14,Windy,172.77,3,98.37
R1378,Driver_153,Team_10,Circuit_12,83.031,4,Cloudy,216.66,4,136.2
R1379,Driver_11,Team_15,Circuit_30,104.385,14,Sunny,229.21,1,177.59
R1380,Driver_159,Team_30,Circuit_26,107.43,5,Rainy,263.78,3,150.88
R1381,Driver_21,Team_41,Circuit_17,101.359,5,Windy,342.02,2,148.28
R1382,Driver_108,Team_17,Circuit_9,64.706,19,Cloudy,316.41,0,154.23
R1383,Driver_169,Team_30,Circuit_26,104.727,19,Cloudy,188.8,2,173.76
R1384,Driver_150,Team_17,Circuit_3,80.752,19,Windy,316.77,0,137.46
R1385,Driver_145,Team_43,Circuit_24,65.861,4,Cloudy,334.46,4,148.25
R1386,Driver_134,Team_1,Circuit_14,73.929,4,Cloudy,245.82,5,97.56
R1387,Driver_81,Team_30,Circuit_3,64.561,19,Windy,244.9,1,132.14
R1388,Driver_67,Team_19,Circuit_14,96.31,4,Rainy,157.11,4,97.13
R1389,Driver_53,Team_44,Circuit_20,96.832,10,Windy,177.15,4,162.14
R1390,Driver_172,Team_35,Circuit_27,95.737,18,Windy,181.08,1,117.04
R1391,Driver_184,Team_11,Circuit_6,118.135,12,Rainy,242.12,2,178.58
R1392,Driver_81,Team_5,Circuit_18,79.583,14,Cloudy,323.04,1,151.59
R1393,Driver_62,Team_29,Circuit_10,98.047,9,Windy,329.19,0,117.04
R1394,Driver_68,Team_23,Circuit_11,107.013,13,Cloudy,242.49,0,112.38
R1395,Driver_102,Team_38,Circuit_4,87.033,16,Cloudy,312.83,4,128.5
R1396,Driver_34,Team_20,Circuit_3,73.688,19,Cloudy,335.56,3,141.17
R1397,Driver_172,Team_41,Circuit_11,93.182,20,Windy,161.2,5,139.59
R1398,Driver_166,Team_28,Circuit_22,82.526,16,Rainy,254.21,5,172.56
R1399,Driver_77,Team_45,Circuit_10,71.144,2,Sunny,262.99,0,136.21
R1400,Driver_118,Team_17,Circuit_10,95.153,6,Rainy,285.64,4,135.96
R1401,Driver_81,Team_30,Circuit_15,82.804,9,Windy,261.04,3,127.17
R1402,Driver_193,Team_20,Circuit_20,106.33,13,Rainy,153.74,1,131.82
R1403,Driver_19,Team_13,Circuit_23,77.723,5,Sunny,265.48,3,154.83
R1404,Driver_3,Team_25,Circuit_14,74.787,20,Rainy,216.34,2,163.15
R1405,Driver_118,Team_31,Circuit_6,64.41,20,Windy,333.24,4,121.99
R1406,Driver_160,Team_7,Circuit_23,76.078,13,Cloudy,309.16,4,142.7
R1407,Driver_145,Team_16,Circuit_15,82.8,2,Sunny,163.24,4,159.18
R1408,Driver_26,Team_25,Circuit_12,107.033,13,Rainy,179.86,0,91.46
R1409,Driver_19,Team_37,Circuit_15,69.257,11,Windy,318.15,5,156.65
R1410,Driver_138,Team_23,Circuit_2,83.377,8,Sunny,217.83,2,131.66
R1411,Driver_55,Team_37,Circuit_24,81.642,2,Sunny,225.05,3,160.76
R1412,Driver_130,Team_19,Circuit_28,65.491,16,Rainy,256.85,1,165.86
R1413,Driver_68,Team_45,Circuit_30,116.578,9,Windy,183.19,5,94.07
R1414,Driver_34,Team_19,Circuit_12,86.684,12,Windy,271.14,3,127.46
R1415,Driver_90,Team_2,Circuit_20,105.681,1,Sunny,187.48,2,153.39
R1416,Driver_18,Team_43,Circuit_14,66.134,11,Sunny,173.37,3,118.26
R1417,Driver_63,Team_26,Circuit_9,65.238,10,Cloudy,306.47,2,155.17
R1418,Driver_95,Team_18,Circuit_21,85.859,10,Rainy,211.66,0,158.16
R1419,Driver_73,Team_1,Circuit_26,93.419,9,Cloudy,321.56,2,130.5
R1420,Driver_41,Team_37,Circuit_2,90.746,16,Sunny,291.97,2,162.71
R1421,Driver_113,Team_44,Circuit_3,66.198,4,Sunny,204.3,2,120.72
R1422,Driver_140,Team_50,Circuit_22,65.377,8,Windy,167.36,2,172.63
R1423,Driver_181,Team_48,Circuit_21,93.253,5,Windy,325.41,3,162.9
R1424,Driver_78,Team_4,Circuit_13,95.815,10,Cloudy,224.32,4,109.0
R1425,Driver_157,Team_39,Circuit_12,107.066,15,Sunny,315.89,0,97.04
R1426,Driver_168,Team_48,Circuit_17,111.823,11,Rainy,210.53,1,178.4
R1427,Driver_136,Team_32,Circuit_26,60.74,9,Windy,255.02,5,113.34
R1428,Driver_3,Team_19,Circuit_24,84.829,14,Windy,185.0,3,150.61
R1429,Driver_171,Team_50,Circuit_22,106.75,20,Sunny,224.84,5,129.04
R1430,Driver_142,Team_15,Circuit_6,103.491,3,Rainy,157.48,3,91.61
R1431,Driver_77,Team_39,Circuit_1,93.572,7,Cloudy,190.42,3,125.54
R1432,Driver_170,Team_23,Circuit_5,119.564,15,Rainy,168.52,2,91.2
R1433,Driver_27,Team_15,Circuit_28,74.565,7,Sunny,251.2,1,149.02
R1434,Driver_35,Team_41,Circuit_20,91.266,14,Rainy,309.81,5,131.41
R1435,Driver_68,Team_13,Circuit_22,101.119,16,Rainy,330.99,3,126.46
R1436,Driver_30,Team_40,Circuit_26,70.17,17,Sunny,180.82,5,149.19
R1437,Driver_28,Team_17,Circuit_15,76.135,12,Cloudy,218.02,3,156.98
R1438,Driver_191,Team_44,Circuit_2,76.104,2,Rainy,246.69,1,155.33
R1439,Driver_142,Team_49,Circuit_5,68.756,17,Sunny,324.78,4,117.25
R1440,Driver_40,Team_47,Circuit_3,70.032,6,Rainy,212.07,4,163.18
R1441,Driver_70,Team_50,Circuit_8,76.558,3,Sunny,215.47,0,145.51
R1442,Driver_73,Team_43,Circuit_25,77.985,10,Cloudy,303.9,1,152.16
R1443,Driver_155,Team_44,Circuit_21,106.96,17,Windy,169.65,1,176.68
R1444,Driver_54,Team_9,Circuit_12,81.667,13,Cloudy,346.45,2,150.76
R1445,Driver_184,Team_41,Circuit_12,116.653,5,Windy,253.23,3,162.42
R1446,Driver_88,Team_7,Circuit_13,103.254,17,Windy,348.54,4,97.89
R1447,Driver_53,Team_41,Circuit_19,89.748,19,Rainy,191.04,2,102.16
R1448,Driver_176,Team_42,Circuit_2,97.0,1,Sunny,157.31,0,107.17
R1449,Driver_163,Team_3,Circuit_20,87.472,6,Sunny,227.52,4,163.44
R1450,Driver_68,Team_20,Circuit_5,68.129,7,Sunny,322.96,3,152.64
R1451,Driver_130,Team_29,Circuit_22,60.406,7,Cloudy,173.17,0,106.94
R1452,Driver_126,Team_3,Circuit_15,83.742,2,Cloudy,212.2,0,92.41
R1453,Driver_65,Team_38,Circuit_12,110.497,8,Cloudy,158.81,3,133.3
R1454,Driver_14,Team_24,Circuit_12,82.793,2,Cloudy,319.62,5,103.06
R1455,Driver_24,Team_47,Circuit_15,111.732,15,Rainy,324.38,2,111.76
R1456,Driver_163,Team_9,Circuit_25,86.413,2,Rainy,216.66,3,165.79
R1457,Driver_109,Team_6,Circuit_3,85.837,12,Windy,327.84,1,167.24
R1458,Driver_71,Team_19,Circuit_19,109.412,7,Windy,170.62,4,138.47
R1459,Driver_12,Team_21,Circuit_5,99.062,9,Sunny,303.24,3,97.75
R1460,Driver_1,Team_48,Circuit_17,95.664,12,Cloudy,299.11,5,159.27
R1461,Driver_86,Team_27,Circuit_12,78.026,15,Rainy,154.5,4,103.33
R1462,Driver_198,Team_12,Circuit_13,96.193,17,Windy,301.7,1,127.97
R1463,Driver_34,Team_13,Circuit_11,101.718,13,Sunny,277.77,1,100.48
R1464,Driver_164,Team_9,Circuit_21,88.741,4,Sunny,191.97,1,171.22
R1465,Driver_68,Team_35,Circuit_9,70.658,1,Cloudy,190.11,3,156.49
R1466,Driver_42,Team_24,Circuit_8,83.894,8,Cloudy,207.31,2,130.07
R1467,Driver_190,Team_34,Circuit_4,79.148,12,Sunny,256.46,4,133.65
R1468,Driver_114,Team_33,Circuit_1,104.092,16,Cloudy,304.56,3,91.77
R1469,Driver_142,Team_18,Circuit_24,97.974,20,Cloudy,284.22,0,130.46
R1470,Driver_181,Team_11,Circuit_6,118.066,15,Windy,204.53,2,111.84
R1471,Driver_110,Team_17,Circuit_16,106.918,6,Windy,181.5,4,116.53
R1472,Driver_144,Team_31,Circuit_17,79.553,16,Windy,172.89,2,164.65
R1473,Driver_3,Team_19,Circuit_13,76.818,19,Rainy,341.66,3,125.26
R1474,Driver_29,Team_48,Circuit_30,107.152,18,Cloudy,261.93,4,120.05
R1475,Driver_20,Team_22,Circuit_18,81.901,12,Windy,170.48,5,99.24
R1476,Driver_177,Team_8,Circuit_4,115.924,12,Windy,258.51,3,166.29
R1477,Driver_39,Team_30,Circuit_9,71.988,6,Sunny,259.87,1,128.86
R1478,Driver_140,Team_5,Circuit_25,119.836,9,Windy,204.21,0,127.41
R1479,Driver_10,Team_10,Circuit_9,70.796,3,Sunny,338.66,0,134.61
R1480,Driver_95,Team_49,Circuit_23,106.057,10,Cloudy,310.8,1,142.08
R1481,Driver_150,Team_15,Circuit_15,61.615,1,Sunny,264.82,2,155.8
R1482,Driver_142,Team_44,Circuit_7,103.633,13,Windy,184.25,2,179.91
R1483,Driver_38,Team_47,Circuit_20,116.578,2,Rainy,212.28,5,93.33
R1484,Driver_111,Team_44,Circuit_10,72.579,6,Rainy,328.45,5,125.97
R1485,Driver_33,Team_26,Circuit_23,107.861,19,Cloudy,258.12,3,136.2
R1486,Driver_11,Team_36,Circuit_30,109.877,7,Windy,160.15,0,155.22
R1487,Driver_79,Team_24,Circuit_16,64.15,8,Cloudy,155.8,5,174.18
R1488,Driver_94,Team_6,Circuit_7,110.867,8,Sunny,330.66,5,171.46
R1489,Driver_11,Team_26,Circuit_4,107.703,7,Cloudy,160.09,2,168.09
R1490,Driver_92,Team_1,Circuit_5,100.379,9,Rainy,226.72,3,110.87
R1491,Driver_54,Team_17,Circuit_28,68.351,14,Cloudy,167.22,1,95.46
R1492,Driver_175,Team_35,Circuit_3,78.17,17,Sunny,228.38,3,91.71
R1493,Driver_64,Team_8,Circuit_15,75.161,1,Windy,290.94,5,141.88
R1494,Driver_171,Team_30,Circuit_6,69.249,1,Cloudy,328.26,5,139.79
R1495,Driver_27,Team_24,Circuit_29,85.388,16,Sunny,275.89,1,114.11
R1496,Driver_91,Team_44,Circuit_23,82.619,5,Rainy,288.02,0,148.35
R1497,Driver_200,Team_48,Circuit_15,86.944,6,Windy,239.17,0,170.02
R1498,Driver_144,Team_44,Circuit_3,95.876,20,Cloudy,221.12,2,100.52
R1499,Driver_105,Team_17,Circuit_26,94.935,1,Cloudy,216.47,3,146.04
R1500,Driver_159,Team_38,Circuit_22,92.062,8,Rainy,189.63,0,148.16
R1501,Driver_192,Team_25,Circuit_28,115.41,9,Cloudy,301.68,4,130.35
R1502,Driver_40,Team_41,Circuit_11,112.178,20,Rainy,311.86,5,129.26
R1503,Driver_61,Team_24,Circuit_22,85.098,10,Rainy,165.71,2,104.52
R1504,Driver_42,Team_7,Circuit_12,62.206,9,Windy,334.56,4,155.36
R1505,Driver_46,Team_44,Circuit_23,118.106,14,Rainy,302.89,3,132.23
R1506,Driver_106,Team_15,Circuit_3,102.098,13,Rainy,263.56,4,129.43
R1507,Driver_7,Team_31,Circuit_18,108.738,12,Rainy,168.58,3,135.69
R1508,Driver_46,Team_2,Circuit_18,95.629,15,Cloudy,310.47,2,142.89
R1509,Driver_189,Team_40,Circuit_10,114.864,9,Rainy,289.72,5,151.65
R1510,Driver_86,Team_36,Circuit_29,66.562,7,Rainy,169.45,5,172.96
R1511,Driver_106,Team_21,Circuit_10,74.894,15,Rainy,212.08,3,166.81
R1512,Driver_172,Team_40,Circuit_28,99.882,10,Rainy,278.88,5,154.37
R1513,Driver_189,Team_15,Circuit_6,69.98,17,Cloudy,303.3,0,132.16
R1514,Driver_64,Team_42,Circuit_23,96.761,20,Rainy,244.11,2,169.49
R1515,Driver_69,Team_5,Circuit_23,93.793,13,Sunny,339.49,4,155.07
R1516,Driver_41,Team_41,Circuit_30,98.702,19,Sunny,178.74,5,125.13
R1517,Driver_180,Team_30,Circuit_23,98.805,4,Sunny,329.14,4,127.52
R1518,Driver_28,Team_45,Circuit_21,118.009,1,Windy,201.61,0,174.71
R1519,Driver_98,Team_20,Circuit_6,79.896,17,Sunny,222.69,2,148.73
R1520,Driver_10,Team_42,Circuit_26,107.774,12,Sunny,186.67,1,122.42
R1521,Driver_121,Team_27,Circuit_12,66.357,18,Windy,333.45,4,132.51
R1522,Driver_57,Team_8,Circuit_17,65.916,20,Cloudy,216.07,0,177.38
R1523,Driver_52,Team_9,Circuit_8,73.32,20,Cloudy,322.16,1,104.58
R1524,Driver_118,Team_3,Circuit_4,104.811,10,Windy,214.95,2,108.65
R1525,Driver_90,Team_3,Circuit_7,93.48,10,Cloudy,247.5,3,152.16
R1526,Driver_79,Team_20,Circuit_26,101.26,4,Windy,163.07,5,97.76
R1527,Driver_59,Team_32,Circuit_5,73.262,16,Rainy,172.58,1,133.46
R1528,Driver_58,Team_8,Circuit_8,82.447,3,Cloudy,245.73,2,105.6
R1529,Driver_7,Team_7,Circuit_26,87.784,11,Windy,319.15,1,104.07
R1530,Driver_169,Team_16,Circuit_16,100.773,9,Rainy,206.45,0,134.3
R1531,Driver_50,Team_35,Circuit_1,101.426,11,Rainy,219.72,2,161.41
R1532,Driver_103,Team_9,Circuit_12,69.045,9,Sunny,264.94,2,174.87
R1533,Driver_85,Team_25,Circuit_18,119.862,9,Windy,251.59,3,134.44
R1534,Driver_72,Team_30,Circuit_19,88.966,10,Windy,231.14,5,111.12
R1535,Driver_18,Team_24,Circuit_12,77.726,7,Sunny,292.85,2,140.11
R1536,Driver_198,Team_43,Circuit_15,115.233,5,Cloudy,171.4,0,179.93
R1537,Driver_72,Team_48,Circuit_26,65.151,17,Windy,261.23,2,122.29
R1538,Driver_90,Team_45,Circuit_18,109.879,8,Rainy,164.18,2,113.47
R1539,Driver_165,Team_35,Circuit_5,103.809,2,Windy,210.42,4,150.92
R1540,Driver_131,Team_27,Circuit_20,80.9,20,Sunny,242.19,5,105.72
R1541,Driver_103,Team_38,Circuit_29,80.584,13,Windy,268.11,0,167.35
R1542,Driver_174,Team_48,Circuit_3,107.056,11,Cloudy,197.72,4,135.31
R1543,Driver_138,Team_47,Circuit_3,91.267,5,Sunny,198.74,1,162.61
R1544,Driver_85,Team_10,Circuit_10,80.898,1,Sunny,181.8,5,120.4
R1545,Driver_8,Team_27,Circuit_13,65.857,16,Rainy,246.47,1,100.26
R1546,Driver_30,Team_42,Circuit_23,103.32,10,Windy,163.21,0,110.4
R1547,Driver_67,Team_7,Circuit_24,87.147,9,Sunny,191.65,4,140.58
R1548,Driver_46,Team_32,Circuit_16,64.03,14,Cloudy,288.81,1,133.77
R1549,Driver_149,Team_40,Circuit_17,62.681,13,Cloudy,236.23,4,179.43
R1550,Driver_68,Team_27,Circuit_14,102.647,13,Cloudy,346.04,2,160.64
R1551,Driver_10,Team_18,Circuit_25,61.355,2,Rainy,263.44,2,159.24
R1552,Driver_28,Team_3,Circuit_14,80.585,19,Cloudy,218.44,5,159.31
R1553,Driver_153,Team_45,Circuit_27,66.562,19,Rainy,288.83,2,140.13
R1554,Driver_112,Team_24,Circuit_19,108.003,7,Cloudy,184.62,2,170.67
R1555,Driver_89,Team_14,Circuit_3,115.795,11,Windy,283.92,5,166.81
R1556,Driver_187,Team_29,Circuit_5,104.429,8,Cloudy,297.87,5,168.63
R1557,Driver_81,Team_29,Circuit_11,90.96,18,Cloudy,292.38,5,144.39
R1558,Driver_112,Team_16,Circuit_21,93.115,16,Rainy,317.35,2,99.37
R1559,Driver_156,Team_24,Circuit_3,79.859,12,Windy,172.86,0,94.54
R1560,Driver_131,Team_7,Circuit_15,85.582,17,Windy,269.22,4,175.16
R1561,Driver_30,Team_44,Circuit_15,87.723,10,Rainy,215.08,4,161.91
R1562,Driver_99,Team_24,Circuit_22,107.865,6,Windy,169.53,2,176.64
R1563,Driver_148,Team_35,Circuit_17,97.786,18,Cloudy,239.04,1,158.02
R1564,Driver_49,Team_42,Circuit_12,71.183,6,Cloudy,211.61,0,177.72
R1565,Driver_66,Team_23,Circuit_5,99.438,10,Windy,231.16,1,160.35
R1566,Driver_12,Team_4,Circuit_29,83.735,4,Cloudy,269.65,4,144.87
R1567,Driver_182,Team_26,Circuit_27,104.243,16,Windy,287.1,2,167.25
R1568,Driver_112,Team_18,Circuit_25,112.986,5,Rainy,269.28,2,99.17
R1569,Driver_1,Team_13,Circuit_18,86.975,9,Rainy,313.97,3,140.62
R1570,Driver_134,Team_8,Circuit_21,85.773,18,Rainy,215.48,3,135.66
R1571,Driver_138,Team_30,Circuit_19,60.267,6,Sunny,279.0,2,105.03
R1572,Driver_176,Team_6,Circuit_6,72.888,11,Cloudy,162.3,1,100.63
R1573,Driver_185,Team_43,Circuit_25,76.701,3,Rainy,193.52,0,108.48
R1574,Driver_190,Team_14,Circuit_5,102.226,8,Windy,177.78,1,122.55
R1575,Driver_189,Team_42,Circuit_14,107.76,12,Windy,266.15,1,155.55
R1576,Driver_172,Team_41,Circuit_17,94.641,8,Rainy,301.0,4,153.73
R1577,Driver_51,Team_39,Circuit_30,107.97,10,Rainy,311.97,1,158.58
R1578,Driver_94,Team_2,Circuit_28,92.213,14,Rainy,301.42,1,134.86
R1579,Driver_111,Team_4,Circuit_2,81.948,11,Windy,282.18,4,168.34
R1580,Driver_18,Team_22,Circuit_27,71.824,12,Sunny,240.59,4,103.89
R1581,Driver_171,Team_16,Circuit_4,66.837,9,Rainy,208.3,5,122.74
R1582,Driver_85,Team_9,Circuit_17,100.242,19,Windy,273.11,4,163.72
R1583,Driver_160,Team_37,Circuit_5,89.369,10,Windy,239.43,4,101.07
R1584,Driver_81,Team_14,Circuit_10,117.955,15,Rainy,191.13,5,108.17
R1585,Driver_170,Team_5,Circuit_6,78.804,4,Cloudy,325.49,4,177.27
R1586,Driver_32,Team_49,Circuit_6,83.318,16,Windy,209.95,5,159.23
R1587,Driver_185,Team_36,Circuit_11,83.553,2,Cloudy,308.87,0,90.59
R1588,Driver_77,Team_14,Circuit_30,66.854,19,Cloudy,285.91,3,165.13
R1589,Driver_130,Team_38,Circuit_23,81.119,19,Sunny,333.7,3,132.63
R1590,Driver_80,Team_14,Circuit_8,87.472,20,Windy,337.34,0,115.81
R1591,Driver_171,Team_15,Circuit_12,70.352,3,Sunny,293.56,0,105.41
R1592,Driver_105,Team_22,Circuit_17,100.415,16,Rainy,333.02,1,113.94
R1593,Driver_84,Team_50,Circuit_29,108.037,7,Sunny,348.06,0,154.37
R1594,Driver_104,Team_10,Circuit_10,115.121,17,Rainy,266.55,3,127.35
R1595,Driver_179,Team_39,Circuit_28,95.41,4,Cloudy,272.3,2,146.65
R1596,Driver_76,Team_1,Circuit_3,100.327,13,Windy,252.08,2,112.09
R1597,Driver_142,Team_18,Circuit_9,78.791,17,Sunny,319.53,5,157.79
R1598,Driver_33,Team_10,Circuit_7,74.314,10,Windy,320.5,2,137.67
R1599,Driver_50,Team_9,Circuit_21,67.017,14,Cloudy,162.48,1,160.85
R1600,Driver_108,Team_35,Circuit_18,82.398,2,Cloudy,330.22,3,102.42
R1601,Driver_171,Team_17,Circuit_9,68.482,5,Cloudy,343.58,4,128.59
R1602,Driver_98,Team_12,Circuit_5,83.308,5,Cloudy,150.17,4,172.62
R1603,Driver_174,Team_8,Circuit_21,95.786,7,Cloudy,262.01,2,170.83
R1604,Driver_192,Team_43,Circuit_10,94.488,11,Cloudy,345.74,1,175.67
R1605,Driver_45,Team_2,Circuit_20,85.382,14,Sunny,171.94,5,136.45
R1606,Driver_158,Team_9,Circuit_18,89.2,19,Windy,206.44,2,151.4
R1607,Driver_146,Team_1,Circuit_3,92.243,15,Sunny,156.24,0,174.94
R1608,Driver_78,Team_23,Circuit_17,115.15,5,Cloudy,236.34,5,129.83
R1609,Driver_104,Team_16,Circuit_21,115.842,11,Rainy,268.03,0,159.31
R1610,Driver_141,Team_38,Circuit_6,70.394,6,Rainy,275.04,1,154.59
R1611,Driver_1,Team_21,Circuit_19,70.012,3,Cloudy,292.35,1,136.56
R1612,Driver_78,Team_2,Circuit_19,77.33,16,Cloudy,231.21,5,96.26
R1613,Driver_74,Team_12,Circuit_5,71.226,11,Cloudy,237.04,1,120.45
R1614,Driver_54,Team_17,Circuit_6,110.519,6,Windy,192.24,5,126.15
R1615,Driver_111,Team_4,Circuit_22,97.165,11,Windy,184.68,1,159.51
R1616,Driver_149,Team_9,Circuit_20,111.931,2,Sunny,177.81,2,129.07
R1617,Driver_156,Team_48,Circuit_24,117.111,1,Windy,261.08,1,125.39
R1618,Driver_168,Team_27,Circuit_29,89.077,15,Cloudy,318.67,1,93.34
R1619,Driver_83,Team_34,Circuit_20,71.708,9,Windy,222.06,1,173.03
R1620,Driver_120,Team_8,Circuit_11,83.037,7,Rainy,233.45,0,103.59
R1621,Driver_114,Team_48,Circuit_27,93.695,6,Rainy,207.69,3,141.71
R1622,Driver_114,Team_5,Circuit_30,99.184,19,Cloudy,324.55,5,178.0
R1623,Driver_173,Team_31,Circuit_19,84.548,6,Windy,175.11,0,178.2
R1624,Driver_55,Team_29,Circuit_2,89.504,16,Windy,152.32,0,161.92
R1625,Driver_131,Team_50,Circuit_27,102.609,3,Sunny,279.68,0,168.82
R1626,Driver_122,Team_24,Circuit_28,86.631,5,Sunny,178.8,3,177.54
R1627,Driver_189,Team_33,Circuit_1,70.035,20,Rainy,326.98,3,127.74
R1628,Driver_44,Team_38,Circuit_3,93.924,14,Cloudy,281.59,0,169.72
R1629,Driver_169,Team_7,Circuit_2,107.753,14,Rainy,345.0,1,153.07
R1630,Driver_22,Team_29,Circuit_21,73.232,13,Cloudy,177.16,0,168.62
R1631,Driver_73,Team_33,Circuit_25,61.962,14,Cloudy,177.44,0,154.94
R1632,Driver_132,Team_15,Circuit_19,73.491,16,Cloudy,311.19,5,118.23
R1633,Driver_170,Team_40,Circuit_9,77.32,13,Cloudy,322.03,4,120.97
R1634,Driver_163,Team_3,Circuit_21,106.844,1,Windy,328.72,4,164.43
R1635,Driver_159,Team_47,Circuit_7,93.939,2,Cloudy,289.08,0,171.02
R1636,Driver_86,Team_43,Circuit_25,106.353,18,Windy,336.06,3,144.94
R1637,Driver_24,Team_34,Circuit_19,89.719,7,Cloudy,274.65,0,103.22
R1638,Driver_193,Team_20,Circuit_14,90.648,12,Windy,240.88,2,126.35
R1639,Driver_61,Team_30,Circuit_20,94.363,1,Windy,234.82,0,147.95
R1640,Driver_173,Team_42,Circuit_21,76.073,11,Rainy,314.01,0,169.88
R1641,Driver_80,Team_2,Circuit_1,92.586,17,Rainy,226.94,2,146.19
R1642,Driver_58,Team_4,Circuit_16,119.454,7,Sunny,195.15,5,145.64
R1643,Driver_51,Team_31,Circuit_29,92.523,1,Rainy,234.95,0,129.79
R1644,Driver_38,Team_26,Circuit_21,105.407,1,Rainy,151.49,0,121.07
R1645,Driver_7,Team_28,Circuit_18,105.6,8,Cloudy,249.63,0,163.06
R1646,Driver_12,Team_44,Circuit_10,86.482,8,Sunny,296.18,4,148.39
R1647,Driver_63,Team_7,Circuit_21,73.113,12,Rainy,292.43,1,159.79
R1648,Driver_122,Team_32,Circuit_10,85.509,10,Rainy,203.85,4,169.29
R1649,Driver_157,Team_46,Circuit_16,104.159,5,Windy,335.31,1,97.59
R1650,Driver_197,Team_29,Circuit_8,99.22,4,Sunny,265.27,1,138.37
R1651,Driver_19,Team_5,Circuit_26,74.852,13,Sunny,156.69,5,125.1
R1652,Driver_117,Team_6,Circuit_26,112.489,17,Sunny,157.57,2,154.7
R1653,Driver_107,Team_21,Circuit_22,61.934,19,Windy,246.65,0,169.19
R1654,Driver_162,Team_39,Circuit_13,75.769,10,Sunny,223.72,0,136.84
R1655,Driver_148,Team_10,Circuit_10,111.732,6,Sunny,266.05,1,138.67
R1656,Driver_50,Team_5,Circuit_15,65.219,3,Windy,342.35,5,109.24
R1657,Driver_184,Team_9,Circuit_3,111.917,2,Sunny,166.01,2,136.05
R1658,Driver_179,Team_18,Circuit_23,67.043,10,Sunny,296.04,4,118.1
R1659,Driver_99,Team_40,Circuit_2,108.713,10,Cloudy,255.28,2,120.66
R1660,Driver_127,Team_41,Circuit_6,72.593,15,Rainy,321.87,2,147.21
R1661,Driver_103,Team_38,Circuit_15,104.257,17,Sunny,300.12,1,92.11
R1662,Driver_63,Team_36,Circuit_14,101.348,20,Windy,205.88,4,170.13
R1663,Driver_38,Team_46,Circuit_16,111.663,17,Cloudy,253.39,5,138.59
R1664,Driver_168,Team_21,Circuit_15,96.616,11,Rainy,254.67,4,113.28
R1665,Driver_177,Team_25,Circuit_7,85.69,14,Rainy,272.01,1,164.9
R1666,Driver_2,Team_39,Circuit_11,96.969,5,Cloudy,199.05,4,117.35
R1667,Driver_193,Team_34,Circuit_20,107.091,11,Windy,276.13,4,128.05
R1668,Driver_198,Team_19,Circuit_5,108.812,16,Rainy,282.75,0,135.47
R1669,Driver_28,Team_30,Circuit_11,108.326,12,Rainy,283.74,0,155.88
R1670,Driver_200,Team_33,Circuit_28,94.204,7,Rainy,286.81,4,165.74
R1671,Driver_109,Team_39,Circuit_23,91.937,6,Sunny,257.84,0,113.38
R1672,Driver_57,Team_28,Circuit_11,95.811,13,Sunny,265.93,4,135.67
R1673,Driver_46,Team_7,Circuit_24,70.103,1,Cloudy,272.61,1,101.14
R1674,Driver_179,Team_45,Circuit_28,118.74,8,Cloudy,330.72,5,158.09
R1675,Driver_133,Team_8,Circuit_12,77.558,8,Windy,257.01,1,174.72
R1676,Driver_119,Team_42,Circuit_13,94.364,5,Windy,152.16,2,130.39
R1677,Driver_13,Team_42,Circuit_5,117.144,7,Cloudy,240.81,1,141.52
R1678,Driver_143,Team_50,Circuit_25,90.865,1,Windy,331.21,4,90.47
R1679,Driver_64,Team_36,Circuit_12,114.009,19,Rainy,264.79,0,120.51
R1680,Driver_32,Team_47,Circuit_17,108.911,17,Rainy,216.3,5,111.25
R1681,Driver_117,Team_14,Circuit_18,68.135,6,Windy,220.58,0,157.12
R1682,Driver_35,Team_28,Circuit_4,105.006,4,Windy,345.55,1,142.34
R1683,Driver_119,Team_29,Circuit_11,84.696,12,Cloudy,208.92,4,154.32
R1684,Driver_171,Team_15,Circuit_8,63.557,2,Cloudy,183.5,5,174.38
R1685,Driver_136,Team_27,Circuit_15,76.639,13,Windy,289.01,3,149.9
R1686,Driver_144,Team_22,Circuit_4,99.354,9,Rainy,269.53,2,166.0
R1687,Driver_153,Team_30,Circuit_9,102.086,18,Sunny,210.81,5,111.05
R1688,Driver_82,Team_26,Circuit_15,67.961,20,Windy,307.0,4,116.93
R1689,Driver_194,Team_27,Circuit_8,68.775,2,Cloudy,202.09,1,150.02
R1690,Driver_114,Team_47,Circuit_5,79.326,20,Cloudy,275.86,3,163.36
R1691,Driver_157,Team_7,Circuit_4,74.853,2,Windy,265.63,5,141.55
R1692,Driver_185,Team_21,Circuit_2,110.613,4,Cloudy,264.57,0,102.6
R1693,Driver_130,Team_28,Circuit_10,83.562,1,Rainy,281.26,1,123.99
R1694,Driver_110,Team_21,Circuit_13,68.53,2,Cloudy,208.35,2,156.38
R1695,Driver_141,Team_43,Circuit_28,97.944,4,Sunny,297.48,3,99.47
R1696,Driver_115,Team_17,Circuit_20,97.669,14,Sunny,155.46,3,136.48
R1697,Driver_41,Team_24,Circuit_14,82.51,15,Rainy,246.95,1,107.33
R1698,Driver_191,Team_10,Circuit_8,64.531,13,Cloudy,175.36,4,160.07
R1699,Driver_122,Team_44,Circuit_28,107.676,4,Cloudy,165.37,1,130.89
R1700,Driver_116,Team_31,Circuit_29,106.133,18,Windy,306.75,3,103.19
R1701,Driver_67,Team_5,Circuit_6,84.171,9,Sunny,200.41,0,128.31
R1702,Driver_193,Team_6,Circuit_27,104.988,16,Windy,273.16,2,127.08
R1703,Driver_64,Team_6,Circuit_11,101.682,5,Windy,205.04,0,98.3
R1704,Driver_164,Team_6,Circuit_30,112.639,7,Cloudy,201.39,3,128.24
R1705,Driver_71,Team_28,Circuit_19,87.282,1,Sunny,298.29,0,101.71
R1706,Driver_197,Team_7,Circuit_24,89.283,10,Windy,270.76,4,109.33
R1707,Driver_200,Team_48,Circuit_11,94.917,14,Cloudy,332.03,1,97.03
R1708,Driver_134,Team_48,Circuit_7,112.134,4,Rainy,297.79,3,150.91
R1709,Driver_125,Team_24,Circuit_25,110.83,17,Sunny,281.83,2,126.25
R1710,Driver_161,Team_9,Circuit_6,65.588,9,Cloudy,223.95,5,140.31
R1711,Driver_62,Team_36,Circuit_16,118.329,20,Rainy,185.08,2,160.09
R1712,Driver_71,Team_4,Circuit_17,98.09,20,Windy,306.51,4,168.48
R1713,Driver_113,Team_38,Circuit_15,101.837,5,Windy,197.24,5,142.59
R1714,Driver_20,Team_36,Circuit_16,111.006,14,Windy,186.16,0,147.28
R1715,Driver_183,Team_36,Circuit_29,107.741,4,Rainy,255.48,0,179.69
R1716,Driver_74,Team_22,Circuit_10,83.863,17,Rainy,156.62,2,152.01
R1717,Driver_61,Team_43,Circuit_16,118.088,20,Windy,346.81,3,175.3
R1718,Driver_70,Team_8,Circuit_1,109.491,4,Windy,343.47,0,155.85
R1719,Driver_86,Team_27,Circuit_3,89.683,10,Rainy,269.11,3,127.52
R1720,Driver_82,Team_23,Circuit_13,79.372,4,Cloudy,314.34,2,104.66
R1721,Driver_139,Team_43,Circuit_17,77.016,4,Sunny,317.52,3,135.52
R1722,Driver_21,Team_49,Circuit_15,92.839,16,Windy,300.55,4,133.63
R1723,Driver_36,Team_28,Circuit_8,67.836,7,Rainy,232.59,5,131.19
R1724,Driver_39,Team_47,Circuit_7,111.145,20,Cloudy,226.63,2,177.12
R1725,Driver_60,Team_4,Circuit_19,107.298,7,Cloudy,282.13,5,136.19
R1726,Driver_99,Team_19,Circuit_12,113.649,9,Cloudy,295.2,3,137.62
R1727,Driver_178,Team_39,Circuit_2,105.735,17,Windy,183.46,1,152.5
R1728,Driver_40,Team_20,Circuit_2,62.757,7,Rainy,265.55,4,130.99
R1729,Driver_181,Team_23,Circuit_10,97.571,12,Sunny,318.37,3,92.93
R1730,Driver_55,Team_7,Circuit_16,110.202,14,Rainy,160.87,2,104.12
R1731,Driver_17,Team_37,Circuit_20,60.977,10,Rainy,202.88,3,140.31
R1732,Driver_107,Team_33,Circuit_29,115.766,6,Cloudy,313.91,1,172.95
R1733,Driver_105,Team_14,Circuit_27,69.479,2,Sunny,160.5,0,100.69
R1734,Driver_85,Team_10,Circuit_21,87.391,18,Windy,242.8,3,166.71
R1735,Driver_139,Team_43,Circuit_22,119.51,16,Windy,245.25,5,99.93
R1736,Driver_120,Team_31,Circuit_16,85.668,7,Cloudy,245.25,2,123.26
R1737,Driver_107,Team_15,Circuit_10,119.742,16,Windy,339.65,1,116.06
R1738,Driver_16,Team_7,Circuit_18,114.564,11,Rainy,334.49,0,137.05
R1739,Driver_53,Team_23,Circuit_1,112.929,8,Cloudy,196.73,5,100.6
R1740,Driver_108,Team_36,Circuit_28,78.112,1,Sunny,286.7,3,117.44
R1741,Driver_100,Team_24,Circuit_4,112.465,1,Rainy,228.01,5,123.7
R1742,Driver_198,Team_8,Circuit_14,112.596,3,Sunny,202.53,0,116.46
R1743,Driver_150,Team_49,Circuit_5,65.6,4,Sunny,256.09,3,92.52
R1744,Driver_179,Team_18,Circuit_29,81.626,19,Rainy,236.95,3,102.86
R1745,Driver_6,Team_37,Circuit_9,64.945,16,Sunny,207.76,4,160.54
R1746,Driver_196,Team_15,Circuit_24,99.871,5,Cloudy,309.46,5,127.96
R1747,Driver_148,Team_28,Circuit_12,98.935,3,Cloudy,226.4,5,174.31
R1748,Driver_98,Team_36,Circuit_25,63.107,17,Rainy,213.14,0,117.46
R1749,Driver_123,Team_50,Circuit_13,97.536,3,Windy,256.05,0,115.51
R1750,Driver_2,Team_40,Circuit_12,103.559,4,Sunny,341.17,1,106.48
R1751,Driver_91,Team_40,Circuit_2,105.314,9,Rainy,169.47,3,156.57
R1752,Driver_77,Team_44,Circuit_13,85.754,8,Sunny,256.26,3,90.19
R1753,Driver_193,Team_42,Circuit_2,65.472,15,Rainy,220.77,5,139.28
R1754,Driver_100,Team_36,Circuit_19,65.711,10,Sunny,318.85,4,96.08
R1755,Driver_108,Team_2,Circuit_18,72.805,9,Windy,272.1,0,94.02
R1756,Driver_138,Team_39,Circuit_7,64.676,15,Rainy,280.41,5,133.31
R1757,Driver_192,Team_43,Circuit_12,95.621,2,Cloudy,204.52,1,117.87
R1758,Driver_189,Team_45,Circuit_18,91.167,4,Windy,204.07,0,130.71
R1759,Driver_140,Team_18,Circuit_10,86.704,6,Cloudy,310.46,2,120.4
R1760,Driver_155,Team_2,Circuit_3,60.484,2,Windy,201.07,1,123.96
R1761,Driver_57,Team_12,Circuit_13,80.614,10,Cloudy,266.84,2,165.1
R1762,Driver_125,Team_18,Circuit_17,67.236,12,Windy,242.22,1,165.03
R1763,Driver_57,Team_45,Circuit_15,111.62,11,Sunny,285.06,4,101.95
R1764,Driver_70,Team_49,Circuit_25,101.642,14,Cloudy,198.36,3,102.47
R1765,Driver_112,Team_20,Circuit_18,88.662,4,Sunny,284.38,0,147.28
R1766,Driver_125,Team_22,Circuit_9,73.737,4,Rainy,304.1,1,158.55
R1767,Driver_8,Team_23,Circuit_27,65.36,2,Sunny,253.99,3,150.05
R1768,Driver_100,Team_1,Circuit_20,108.357,1,Cloudy,285.54,5,103.41
R1769,Driver_87,Team_12,Circuit_22,66.192,5,Windy,348.64,3,155.51
R1770,Driver_172,Team_10,Circuit_20,82.054,6,Sunny,212.65,2,98.04
R1771,Driver_174,Team_37,Circuit_4,77.955,11,Windy,152.12,5,146.23
R1772,Driver_104,Team_43,Circuit_5,82.963,12,Rainy,151.7,4,146.12
R1773,Driver_186,Team_26,Circuit_4,108.802,15,Rainy,163.59,4,124.85
R1774,Driver_43,Team_5,Circuit_13,112.47,20,Cloudy,232.25,2,171.02
R1775,Driver_120,Team_10,Circuit_12,98.495,9,Windy,255.05,5,120.51
R1776,Driver_33,Team_48,Circuit_26,100.628,3,Sunny,287.1,3,94.12
R1777,Driver_160,Team_41,Circuit_11,64.105,12,Sunny,220.3,2,150.34
R1778,Driver_137,Team_2,Circuit_18,93.797,11,Rainy,295.05,3,129.88
R1779,Driver_7,Team_6,Circuit_12,96.619,6,Windy,200.38,5,114.96
R1780,Driver_101,Team_48,Circuit_25,69.847,4,Windy,156.81,4,97.97
R1781,Driver_152,Team_34,Circuit_5,81.071,13,Rainy,273.88,3,104.91
R1782,Driver_145,Team_14,Circuit_7,72.783,13,Sunny,161.38,3,92.23
R1783,Driver_170,Team_25,Circuit_20,104.896,15,Rainy,268.83,4,146.71
R1784,Driver_7,Team_27,Circuit_17,115.194,9,Windy,328.79,2,159.44
R1785,Driver_22,Team_30,Circuit_13,96.965,13,Sunny,193.36,1,117.8
R1786,Driver_165,Team_22,Circuit_17,86.543,16,Rainy,269.88,3,148.06
R1787,Driver_110,Team_11,Circuit_2,73.035,14,Windy,174.36,0,147.95
R1788,Driver_35,Team_24,Circuit_2,113.796,6,Windy,341.56,0,97.66
R1789,Driver_119,Team_20,Circuit_2,68.401,4,Cloudy,167.28,2,175.97
R1790,Driver_47,Team_47,Circuit_5,67.389,5,Cloudy,270.94,3,138.77
R1791,Driver_13,Team_21,Circuit_23,103.801,2,Rainy,225.19,3,158.19
R1792,Driver_67,Team_50,Circuit_11,81.092,6,Sunny,302.77,1,176.16
R1793,Driver_98,Team_37,Circuit_26,85.763,4,Sunny,279.58,5,136.96
R1794,Driver_84,Team_39,Circuit_16,107.465,14,Cloudy,310.64,1,157.55
R1795,Driver_55,Team_6,Circuit_17,74.867,19,Windy,186.95,0,135.24
R1796,Driver_117,Team_4,Circuit_15,98.677,16,Cloudy,172.17,0,91.68
R1797,Driver_84,Team_10,Circuit_5,74.89,19,Rainy,186.85,5,149.24
R1798,Driver_87,Team_11,Circuit_20,96.06,15,Cloudy,208.91,0,137.87
R1799,Driver_195,Team_49,Circuit_29,103.271,6,Sunny,282.1,0,176.61
R1800,Driver_98,Team_40,Circuit_17,77.095,20,Rainy,165.14,3,114.75
R1801,Driver_72,Team_4,Circuit_5,116.477,13,Sunny,240.69,5,108.52
R1802,Driver_193,Team_44,Circuit_11,61.609,12,Rainy,349.05,0,164.67
R1803,Driver_108,Team_6,Circuit_30,110.824,20,Windy,303.87,1,165.5
R1804,Driver_65,Team_18,Circuit_20,112.55,1,Cloudy,288.44,3,142.16
R1805,Driver_21,Team_29,Circuit_11,72.327,5,Sunny,283.52,4,97.62
R1806,Driver_121,Team_43,Circuit_6,96.416,16,Rainy,304.02,5,138.02
R1807,Driver_5,Team_28,Circuit_13,71.319,16,Cloudy,201.47,2,118.84
R1808,Driver_192,Team_32,Circuit_20,83.505,4,Sunny,306.15,1,143.0
R1809,Driver_139,Team_39,Circuit_24,98.77,14,Windy,205.46,2,134.23
R1810,Driver_14,Team_29,Circuit_27,107.028,15,Rainy,162.48,4,174.05
R1811,Driver_90,Team_27,Circuit_10,107.627,2,Sunny,227.72,4,120.6
R1812,Driver_58,Team_18,Circuit_19,74.36,3,Sunny,349.19,0,106.25
R1813,Driver_167,Team_14,Circuit_11,83.153,9,Windy,201.65,0,92.17
R1814,Driver_18,Team_49,Circuit_17,74.465,11,Rainy,312.56,5,137.51
R1815,Driver_200,Team_33,Circuit_27,98.285,1,Cloudy,185.59,4,124.38
R1816,Driver_167,Team_8,Circuit_17,64.261,17,Sunny,163.88,3,98.19
R1817,Driver_11,Team_23,Circuit_18,113.323,19,Rainy,345.88,3,178.18
R1818,Driver_194,Team_28,Circuit_16,60.724,19,Rainy,190.13,1,138.76
R1819,Driver_8,Team_8,Circuit_23,81.666,8,Windy,228.53,2,115.68
R1820,Driver_64,Team_19,Circuit_19,78.988,11,Sunny,279.1,5,106.44
R1821,Driver_52,Team_44,Circuit_10,83.21,17,Cloudy,171.69,3,159.15
R1822,Driver_6,Team_44,Circuit_16,110.338,17,Sunny,258.13,3,103.88
R1823,Driver_160,Team_38,Circuit_27,85.252,20,Sunny,236.25,4,175.69
R1824,Driver_40,Team_32,Circuit_1,92.781,4,Cloudy,272.79,2,151.07
R1825,Driver_62,Team_34,Circuit_12,70.366,14,Rainy,171.25,4,95.3
R1826,Driver_33,Team_43,Circuit_11,88.261,8,Sunny,238.32,2,176.5
R1827,Driver_122,Team_20,Circuit_22,119.242,16,Rainy,201.8,4,106.33
R1828,Driver_172,Team_3,Circuit_4,64.38,12,Windy,156.97,4,154.2
R1829,Driver_30,Team_15,Circuit_14,95.242,13,Rainy,164.08,0,116.82
R1830,Driver_145,Team_26,Circuit_19,60.828,5,Cloudy,295.51,0,98.89
R1831,Driver_56,Team_39,Circuit_10,72.945,18,Cloudy,305.45,3,102.82
R1832,Driver_120,Team_4,Circuit_26,115.355,20,Windy,153.75,0,170.37
R1833,Driver_180,Team_1,Circuit_29,116.921,2,Rainy,249.54,3,113.21
R1834,Driver_66,Team_14,Circuit_24,83.879,1,Sunny,280.57,3,174.74
R1835,Driver_197,Team_20,Circuit_28,77.189,6,Windy,150.17,2,170.96
R1836,Driver_95,Team_14,Circuit_23,102.758,17,Cloudy,157.57,3,94.67
R1837,Driver_43,Team_50,Circuit_21,106.027,16,Rainy,228.1,3,111.57
R1838,Driver_156,Team_9,Circuit_1,85.415,16,Cloudy,180.32,3,143.73
R1839,Driver_156,Team_49,Circuit_20,84.137,6,Sunny,215.97,0,111.28
R1840,Driver_192,Team_17,Circuit_16,98.432,3,Windy,228.27,0,135.78
R1841,Driver_184,Team_19,Circuit_9,92.259,16,Windy,150.74,1,135.4
R1842,Driver_30,Team_21,Circuit_21,69.161,11,Cloudy,291.52,4,175.44
R1843,Driver_200,Team_8,Circuit_26,65.016,8,Windy,304.2,5,114.24
R1844,Driver_42,Team_1,Circuit_25,64.741,11,Rainy,245.63,2,118.65
R1845,Driver_80,Team_32,Circuit_19,115.255,9,Rainy,230.78,5,139.78
R1846,Driver_28,Team_48,Circuit_19,118.459,2,Cloudy,295.55,1,95.89
R1847,Driver_149,Team_28,Circuit_8,69.323,17,Cloudy,312.46,3,92.6
R1848,Driver_7,Team_12,Circuit_24,79.605,8,Windy,164.02,3,147.02
R1849,Driver_80,Team_9,Circuit_2,95.186,18,Cloudy,195.17,1,172.24
R1850,Driver_148,Team_25,Circuit_19,105.793,13,Rainy,226.88,2,91.68
R1851,Driver_174,Team_35,Circuit_16,98.99,13,Sunny,287.85,5,139.87
R1852,Driver_97,Team_46,Circuit_6,98.589,8,Rainy,305.97,3,142.76
R1853,Driver_102,Team_15,Circuit_17,78.61,3,Windy,174.24,3,99.14
R1854,Driver_184,Team_33,Circuit_21,86.249,15,Cloudy,257.06,0,158.67
R1855,Driver_51,Team_36,Circuit_24,117.206,15,Cloudy,348.32,4,148.64
R1856,Driver_20,Team_43,Circuit_20,74.318,19,Cloudy,216.69,5,101.3
R1857,Driver_152,Team_23,Circuit_25,74.669,15,Windy,210.57,3,141.14
R1858,Driver_177,Team_5,Circuit_27,115.478,3,Sunny,161.04,5,130.14
R1859,Driver_161,Team_26,Circuit_13,66.959,16,Windy,349.4,4,166.17
R1860,Driver_63,Team_48,Circuit_5,96.738,15,Rainy,279.41,5,135.04
R1861,Driver_27,Team_3,Circuit_27,63.302,11,Sunny,223.07,4,160.46
R1862,Driver_179,Team_28,Circuit_22,99.965,4,Cloudy,320.67,4,102.81
R1863,Driver_198,Team_2,Circuit_8,99.483,16,Rainy,218.01,3,138.64
R1864,Driver_78,Team_30,Circuit_2,70.539,1,Cloudy,318.24,3,105.14
R1865,Driver_176,Team_5,Circuit_19,60.76,4,Sunny,302.09,4,112.06
R1866,Driver_154,Team_21,Circuit_23,68.233,13,Windy,207.99,1,175.74
R1867,Driver_31,Team_37,Circuit_4,60.681,14,Rainy,190.62,4,176.52
R1868,Driver_145,Team_28,Circuit_7,89.785,2,Windy,260.9,0,139.96
R1869,Driver_11,Team_37,Circuit_1,80.802,18,Rainy,343.5,3,93.76
R1870,Driver_89,Team_26,Circuit_15,91.033,18,Cloudy,282.15,2,163.14
R1871,Driver_137,Team_46,Circuit_11,109.35,1,Cloudy,209.77,3,176.5
R1872,Driver_110,Team_41,Circuit_14,75.555,3,Windy,228.02,4,145.87
R1873,Driver_170,Team_27,Circuit_5,82.312,20,Cloudy,171.35,3,148.78
R1874,Driver_95,Team_19,Circuit_14,104.987,20,Sunny,287.77,4,105.06
R1875,Driver_18,Team_8,Circuit_23,112.408,10,Sunny,247.3,5,95.42
R1876,Driver_130,Team_26,Circuit_7,103.976,17,Sunny,327.04,2,172.96
R1877,Driver_166,Team_2,Circuit_14,67.083,18,Sunny,237.6,2,114.6
R1878,Driver_88,Team_21,Circuit_17,113.994,7,Rainy,187.89,2,112.58
R1879,Driver_4,Team_11,Circuit_25,80.101,15,Rainy,157.14,0,151.2
R1880,Driver_108,Team_40,Circuit_20,85.759,11,Sunny,155.07,0,179.93
R1881,Driver_126,Team_30,Circuit_30,91.431,12,Rainy,349.28,4,165.82
R1882,Driver_28,Team_45,Circuit_16,75.777,2,Sunny,197.7,0,109.15
R1883,Driver_111,Team_24,Circuit_28,118.503,8,Windy,227.75,1,165.66
R1884,Driver_93,Team_6,Circuit_28,97.652,15,Rainy,308.55,2,115.32
R1885,Driver_163,Team_28,Circuit_24,89.769,11,Sunny,278.68,2,104.53
R1886,Driver_118,Team_7,Circuit_24,90.647,18,Sunny,249.94,5,138.07
R1887,Driver_182,Team_16,Circuit_2,63.326,20,Windy,342.99,4,96.29
R1888,Driver_40,Team_28,Circuit_23,111.562,20,Windy,312.36,0,98.07
R1889,Driver_112,Team_38,Circuit_5,70.013,16,Cloudy,343.31,5,152.86
R1890,Driver_46,Team_26,Circuit_17,69.439,12,Sunny,153.28,2,164.74
R1891,Driver_188,Team_34,Circuit_7,106.4,15,Cloudy,217.86,3,155.26
R1892,Driver_134,Team_6,Circuit_18,113.656,4,Rainy,217.54,0,179.89
R1893,Driver_167,Team_26,Circuit_11,100.447,4,Sunny,294.2,3,169.05
R1894,Driver_70,Team_20,Circuit_22,66.92,8,Sunny,231.1,2,108.98
R1895,Driver_158,Team_48,Circuit_16,104.447,1,Rainy,192.34,2,135.43
R1896,Driver_138,Team_22,Circuit_17,60.154,11,Windy,280.77,3,162.19
R1897,Driver_199,Team_15,Circuit_13,111.521,12,Sunny,254.62,2,169.55
R1898,Driver_124,Team_22,Circuit_11,60.737,10,Windy,338.02,0,175.09
R1899,Driver_120,Team_50,Circuit_6,62.759,18,Sunny,324.04,5,147.17
R1900,Driver_112,Team_11,Circuit_15,81.839,17,Cloudy,257.31,1,178.17
R1901,Driver_188,Team_5,Circuit_30,115.214,12,Windy,298.21,1,153.7
R1902,Driver_152,Team_33,Circuit_18,70.738,4,Cloudy,196.6,1,114.57
R1903,Driver_69,Team_41,Circuit_11,117.621,2,Sunny,164.41,5,149.6
R1904,Driver_83,Team_8,Circuit_18,62.122,6,Cloudy,297.09,2,118.95
R1905,Driver_63,Team_34,Circuit_12,108.187,16,Sunny,247.78,4,108.96
R1906,Driver_23,Team_33,Circuit_22,102.841,5,Sunny,153.81,0,176.31
R1907,Driver_72,Team_13,Circuit_25,99.342,14,Cloudy,331.44,5,119.56
R1908,Driver_116,Team_50,Circuit_28,73.471,4,Sunny,273.67,0,172.26
R1909,Driver_63,Team_23,Circuit_24,74.896,9,Rainy,198.54,2,102.04
R1910,Driver_193,Team_23,Circuit_22,114.951,20,Sunny,279.76,0,173.0
R1911,Driver_119,Team_47,Circuit_21,79.196,7,Sunny,152.87,2,144.79
R1912,Driver_146,Team_42,Circuit_26,109.56,7,Rainy,276.53,1,90.39
R1913,Driver_157,Team_10,Circuit_23,94.292,4,Windy,330.93,0,90.86
R1914,Driver_172,Team_16,Circuit_9,67.164,13,Rainy,314.15,4,105.62
R1915,Driver_98,Team_7,Circuit_20,100.4,7,Rainy,169.46,2,140.02
R1916,Driver_87,Team_10,Circuit_16,63.16,15,Rainy,272.25,0,152.68
R1917,Driver_8,Team_17,Circuit_7,73.391,7,Rainy,317.07,3,134.01
R1918,Driver_127,Team_13,Circuit_8,90.946,11,Windy,162.79,5,125.35
R1919,Driver_84,Team_12,Circuit_9,62.756,4,Sunny,313.49,3,97.3
R1920,Driver_47,Team_39,Circuit_18,84.055,14,Cloudy,172.84,4,168.9
R1921,Driver_125,Team_10,Circuit_10,112.619,2,Windy,269.0,4,148.61
R1922,Driver_55,Team_49,Circuit_8,111.962,19,Windy,273.13,3,138.48
R1923,Driver_91,Team_49,Circuit_10,106.412,4,Sunny,162.62,2,170.33
R1924,Driver_67,Team_42,Circuit_25,78.642,15,Rainy,190.53,0,163.45
R1925,Driver_88,Team_5,Circuit_10,65.183,15,Rainy,217.47,5,130.07
R1926,Driver_72,Team_12,Circuit_23,87.405,19,Windy,317.18,3,101.11
R1927,Driver_153,Team_50,Circuit_7,82.135,17,Cloudy,297.59,4,177.48
R1928,Driver_180,Team_41,Circuit_23,77.496,5,Rainy,230.4,0,123.87
R1929,Driver_71,Team_32,Circuit_23,107.07,16,Windy,174.16,2,144.12
R1930,Driver_143,Team_30,Circuit_16,104.375,1,Cloudy,286.82,3,124.81
R1931,Driver_3,Team_49,Circuit_11,74.555,17,Cloudy,259.18,4,165.52
R1932,Driver_133,Team_37,Circuit_16,82.096,2,Cloudy,214.32,3,163.07
R1933,Driver_49,Team_49,Circuit_12,118.311,18,Cloudy,342.94,2,178.54
R1934,Driver_22,Team_38,Circuit_18,119.867,14,Windy,192.65,4,101.23
R1935,Driver_62,Team_29,Circuit_30,106.553,19,Windy,159.12,0,123.34
R1936,Driver_185,Team_44,Circuit_30,103.948,16,Cloudy,184.69,3,107.37
R1937,Driver_105,Team_37,Circuit_26,92.794,17,Rainy,162.64,0,90.84
R1938,Driver_126,Team_42,Circuit_24,107.758,6,Rainy,204.78,5,156.88
R1939,Driver_143,Team_41,Circuit_9,69.034,19,Windy,301.51,5,158.26
R1940,Driver_195,Team_40,Circuit_10,115.944,6,Cloudy,183.61,1,151.25
R1941,Driver_62,Team_21,Circuit_4,61.435,5,Cloudy,223.99,2,153.83
R1942,Driver_177,Team_41,Circuit_19,92.493,4,Windy,183.0,3,107.24
R1943,Driver_122,Team_21,Circuit_22,98.157,13,Windy,198.73,4,163.47
R1944,Driver_166,Team_10,Circuit_18,101.608,20,Windy,266.4,5,146.27
R1945,Driver_183,Team_29,Circuit_13,60.576,20,Sunny,176.67,2,162.76
R1946,Driver_126,Team_5,Circuit_29,80.101,11,Sunny,308.21,1,109.9
R1947,Driver_115,Team_31,Circuit_13,105.536,17,Cloudy,276.44,4,178.21
R1948,Driver_5,Team_29,Circuit_27,82.576,13,Sunny,225.23,2,177.06
R1949,Driver_24,Team_41,Circuit_12,104.285,14,Rainy,181.55,2,93.31
R1950,Driver_76,Team_20,Circuit_25,78.451,20,Cloudy,325.93,3,134.36
R1951,Driver_57,Team_18,Circuit_26,72.312,8,Sunny,166.14,1,153.36
R1952,Driver_104,Team_38,Circuit_5,118.987,9,Cloudy,151.44,3,144.54
R1953,Driver_178,Team_4,Circuit_10,85.189,13,Rainy,335.23,5,90.64
R1954,Driver_63,Team_23,Circuit_2,117.671,11,Rainy,291.35,0,178.58
R1955,Driver_79,Team_33,Circuit_10,118.354,10,Cloudy,268.75,4,147.46
R1956,Driver_170,Team_5,Circuit_23,68.542,15,Sunny,206.75,1,99.99
R1957,Driver_149,Team_20,Circuit_3,76.79,5,Cloudy,288.7,2,114.96
R1958,Driver_95,Team_30,Circuit_12,62.634,5,Rainy,308.45,2,135.03
R1959,Driver_122,Team_29,Circuit_30,73.888,14,Sunny,245.2,0,105.34
R1960,Driver_142,Team_3,Circuit_15,110.73,20,Sunny,175.38,2,107.44
R1961,Driver_136,Team_4,Circuit_21,84.783,17,Windy,178.62,4,156.49
R1962,Driver_89,Team_24,Circuit_9,113.735,10,Cloudy,204.19,3,150.5
R1963,Driver_109,Team_19,Circuit_24,87.507,18,Rainy,240.08,1,144.27
R1964,Driver_191,Team_5,Circuit_16,104.874,11,Rainy,197.85,4,105.8
R1965,Driver_141,Team_42,Circuit_7,94.846,18,Cloudy,184.91,5,142.93
R1966,Driver_85,Team_6,Circuit_7,90.326,7,Cloudy,288.33,0,157.14
R1967,Driver_91,Team_40,Circuit_27,98.233,7,Rainy,269.25,5,101.47
R1968,Driver_180,Team_39,Circuit_18,83.661,7,Rainy,293.44,4,174.02
R1969,Driver_117,Team_33,Circuit_9,95.514,20,Cloudy,272.41,0,166.99
R1970,Driver_70,Team_25,Circuit_30,63.737,10,Cloudy,167.6,4,169.29
R1971,Driver_79,Team_30,Circuit_18,99.747,12,Sunny,315.3,2,155.6
R1972,Driver_65,Team_38,Circuit_23,67.842,5,Windy,210.24,2,114.69
R1973,Driver_60,Team_36,Circuit_9,77.501,6,Rainy,233.76,0,166.29
R1974,Driver_31,Team_48,Circuit_5,111.055,17,Sunny,261.54,4,92.08
R1975,Driver_185,Team_3,Circuit_4,115.563,18,Cloudy,188.38,4,177.28
R1976,Driver_50,Team_29,Circuit_20,83.577,11,Windy,347.32,3,151.0
R1977,Driver_81,Team_37,Circuit_24,109.914,4,Rainy,345.36,3,145.3
R1978,Driver_31,Team_42,Circuit_19,79.575,12,Windy,273.78,1,151.26
R1979,Driver_191,Team_13,Circuit_8,87.165,18,Sunny,322.55,2,169.48
R1980,Driver_138,Team_21,Circuit_8,74.017,16,Cloudy,347.36,0,90.18
R1981,Driver_196,Team_39,Circuit_2,116.613,19,Sunny,251.51,5,128.44
R1982,Driver_177,Team_31,Circuit_22,68.167,19,Windy,242.84,2,150.58
R1983,Driver_48,Team_33,Circuit_29,106.209,14,Sunny,275.29,4,148.5
R1984,Driver_50,Team_10,Circuit_17,66.538,18,Sunny,191.62,2,166.85
R1985,Driver_56,Team_4,Circuit_8,66.339,10,Cloudy,160.61,3,119.07
R1986,Driver_190,Team_29,Circuit_21,86.974,14,Cloudy,172.54,5,165.99
R1987,Driver_124,Team_7,Circuit_8,78.842,1,Windy,179.84,4,126.62
R1988,Driver_71,Team_22,Circuit_2,67.244,17,Windy,318.76,2,100.95
R1989,Driver_186,Team_46,Circuit_4,81.497,4,Sunny,332.3,1,136.65
R1990,Driver_151,Team_6,Circuit_14,106.22,1,Rainy,249.5,3,134.6
R1991,Driver_195,Team_33,Circuit_11,87.115,13,Sunny,181.95,3,136.55
R1992,Driver_135,Team_42,Circuit_23,87.801,5,Windy,334.53,2,93.91
R1993,Driver_153,Team_12,Circuit_16,111.149,2,Sunny,160.81,4,154.91
R1994,Driver_73,Team_3,Circuit_4,65.425,2,Cloudy,222.84,4,94.23
R1995,Driver_26,Team_16,Circuit_22,108.456,7,Sunny,191.92,3,172.66
R1996,Driver_50,Team_46,Circuit_25,78.253,9,Cloudy,200.28,5,137.92
R1997,Driver_76,Team_29,Circuit_5,102.282,6,Rainy,273.36,4,118.46
R1998,Driver_59,Team_29,Circuit_1,96.198,10,Cloudy,328.02,1,125.27
R1999,Driver_93,Team_34,Circuit_18,72.901,9,Rainy,240.63,0,120.12
